popularity,vote_average,vote_count,budget,revenue_class
150.437577,7.2,11800,237000000,5
139.082615,6.9,4500,300000000,5
107.376788,6.3,4466,245000000,5
112.31295,7.6,9106,250000000,5
43.926995,6.1,2124,260000000,5
115.699814,5.9,3576,258000000,5
48.681969,7.4,3330,260000000,5
134.279229,7.3,6767,280000000,5
98.885637,7.4,5293,250000000,5
155.790452,5.7,7004,250000000,5
57.925623,5.4,1400,270000000,5
107.928811,6.1,2965,200000000,5
145.847379,7,5246,200000000,5
49.046956,5.9,2311,255000000,4
99.398009,6.5,6359,225000000,5
53.978602,6.3,1630,225000000,5
144.448633,7.4,11776,220000000,5
135.413856,6.4,4948,380000000,5
52.035179,6.2,4160,225000000,5
120.965743,7.1,4760,250000000,5
89.866276,6.5,6586,215000000,5
37.668301,6.2,1398,200000000,5
94.370564,7.6,4524,250000000,5
42.990906,5.8,1303,180000000,5
61.22601,6.6,2337,207000000,5
100.025899,7.5,7562,200000000,5
198.372395,7.1,7241,250000000,5
64.928382,5.5,2114,209000000,5
418.708552,6.5,8662,150000000,5
93.004993,6.9,7604,200000000,5
35.149586,6.7,4321,200000000,5
77.68208,6.8,8806,200000000,5
78.530105,6.4,4645,200000000,5
3.857526,6.3,3525,210000000,5
89.186492,7,3528,200000000,5
21.939663,6,3138,150000000,5
116.840296,5.8,3095,210000000,5
46.985445,5.7,3530,200000000,5
89.270217,6.5,4179,200000000,5
73.79505,6.3,2841,170000000,5
49.98659,5.8,2033,200000000,5
51.872839,5.1,2487,200000000,5
59.995418,7.6,4597,200000000,5
71.862892,5.9,2463,200000000,5
102.322217,7.3,4176,190000000,5
81.834855,6.7,5560,200000000,5
118.078691,7.5,6032,250000000,5
78.291018,7.4,4418,190000000,5
43.349855,5.5,2598,195000000,5
61.196071,7.3,3769,105000000,5
62.169881,6.2,2317,150000000,5
56.523205,6.7,4794,180000000,5
28.529607,6.1,3299,195000000,5
75.674458,5.7,2495,185000000,5
51.692953,6.6,1736,175000000,5
125.114374,6.7,4641,185000000,5
65.352913,6.6,2568,185000000,5
66.390712,7.8,6296,180000000,5
22.57178,6.1,783,140000000,5
45.274225,5.6,4903,200000000,5
39.744242,6.6,1095,200000000,5
85.36908,5.2,2768,176000003,5
42.741719,5.5,2430,180000000,5
67.391328,6.7,2629,180000000,5
139.272042,6.4,4721,178000000,5
187.322927,8.2,12002,185000000,5
92.201962,7.7,6870,175000000,5
36.167578,6,1423,175000000,5
120.725053,7.4,8776,140000000,5
32.319043,7,2141,170000000,5
40.748915,5.1,1020,170000000,5
60.034162,5.2,1387,145000000,5
90.23792,5.9,7458,175000000,5
27.082182,5.3,1151,175000000,5
79.456485,7.6,4858,178000000,5
44.640292,5.9,992,175000000,5
32.852443,5.6,1962,175000000,5
128.655964,8,6560,175000000,5
94.199316,6.7,2892,175000000,5
77.300194,6.6,6849,200000000,5
77.178973,5.8,3118,170000000,5
110.620647,7,4496,180000000,5
243.791743,7.3,4410,170000000,5
41.796339,5.9,1326,175000000,5
72.225265,7.6,5764,170000000,5
44.041186,6,1959,165000000,5
130.311355,6.2,2846,190000000,5
203.73459,7.8,6135,165000000,5
62.341073,7.1,4570,165000000,5
47.323228,6.4,1474,165000000,5
48.775723,4.9,2491,165000000,5
67.263269,7.5,4227,165000000,5
69.405188,5.9,2143,200000000,5
481.098624,7.9,9742,170000000,5
724.247784,8.1,10867,165000000,5
167.58371,8.1,13752,160000000,5
9.476999,6.5,143,15000000,4
108.849621,7,8297,250000000,5
6.909942,6.6,3428,38000000,5
60.269279,7.3,3292,150000000,5
3.195174,7.1,5181,160000000,5
127.284427,6.6,3984,160000000,5
35.580815,5.8,1470,150000000,5
21.133748,5.5,583,160000000,5
56.268916,6.5,1725,170000000,5
42.986467,6,2278,160000000,5
63.148529,6.3,2268,160000000,5
202.042635,5.8,3631,155000000,5
49.661984,6.2,1514,155000000,5
34.20669,6.6,1791,140000000,5
25.468493,6.6,4040,150000000,5
39.019229,5.6,927,155000000,5
78.144395,7.4,5494,150000000,5
101.250416,7.5,5608,150000000,5
56.758411,6.2,2961,150000000,5
70.867401,6.9,4853,150000000,5
53.905592,6.7,3624,150000000,5
65.677399,7.5,4369,150000000,5
115.040024,7.5,7359,150000000,5
44.141021,6.2,1810,150000000,5
81.781591,5.9,1971,150000000,5
5.954334,6.2,4021,150000000,5
73.313918,6.4,3096,150000000,5
165.125366,7.3,5295,150000000,5
70.78591,6.7,3443,150000000,5
99.499595,6.8,4755,170000000,5
434.278564,7.2,9427,150000000,5
67.447636,6.5,2129,150000000,5
86.493424,6.6,6525,150000000,5
41.845878,6.3,1750,150000000,5
26.710398,5.1,510,150000000,5
44.927635,5.5,1431,150000000,5
50.306728,5.7,2320,150000000,5
114.522237,7.1,3224,150000000,5
29.332905,5.7,1171,150000000,5
51.247321,6.7,1880,150000000,5
33.769336,4.7,1151,150000000,5
63.079003,6.5,2028,150000000,5
39.004588,6.4,1891,150000000,5
12.362599,5.5,199,150000000,3
22.550135,6,874,149000000,4
48.03528,5.9,954,150000000,4
38.73494,6.7,843,145000000,5
66.803149,6.9,2759,175000000,5
44.989192,6.4,1808,145000000,5
54.159392,5.8,1092,140000000,5
66.21806,5.3,2142,144000000,5
58.485967,6.4,2482,140000000,5
91.332849,6,3114,140000000,5
35.601665,5.5,841,70000000,5
56.747978,6.7,1603,145000000,5
77.77477,6.8,3972,145000000,5
61.788035,7.1,1922,145000000,5
25.159168,5.9,627,100000000,5
52.341226,7.3,1895,140000000,5
101.599427,5.6,1921,140000000,5
73.616808,7.4,4518,150000000,5
82.502566,6.8,5265,139000000,5
100.21391,7.6,3106,145000000,5
56.257249,5.3,1277,140000000,5
17.88953,4.9,331,135000000,4
64.798873,7,2811,130000000,5
24.855701,6.3,767,140000000,5
34.981698,5.3,1533,137000000,5
59.325589,5.4,3025,130000000,5
21.605568,5.7,434,130000000,4
26.074908,5.9,433,137000000,4
74.506246,6.6,7047,140000000,5
39.604363,6,862,135000000,5
36.973031,6.9,790,150000000,5
99.687084,6.1,2553,120000000,5
17.7735,5.8,373,130000000,5
62.898336,6.1,3021,150000000,5
44.19092,6,1000,140000000,5
100.635882,7.3,6396,135000000,5
44.765377,6.1,1074,135000000,5
29.91353,6.6,2051,135000000,5
84.366984,6.5,1346,132000000,5
45.381501,7.3,2888,70000000,5
84.689648,6.9,3145,130000000,5
120.09361,7,5880,130000000,5
76.310119,7.4,6495,130000000,5
63.473086,6.8,1519,135000000,5
48.572726,6.2,2322,132000000,5
38.068736,6.3,1564,130000000,5
20.678787,6.4,451,130000000,5
48.829437,6.2,2093,110000000,5
46.115758,5.6,2350,125000000,5
89.938296,6.7,2061,130000000,5
79.679601,7.7,5877,130000000,5
28.840997,6.3,694,130000000,4
42.840582,5,2532,130000000,5
26.548594,6.2,542,127500000,5
115.597753,6.1,1851,127000000,5
68.757242,6.7,1918,130000000,5
109.984351,7.5,7006,125000000,5
39.448066,5.4,1260,130000000,4
271.972889,7.5,6985,140000000,5
206.227151,6.6,5584,125000000,5
45.313197,6.5,2704,125000000,5
42.40024,6.3,978,103000000,5
2.871739,6.8,3506,110000000,5
7.255718,7.1,2438,125000000,5
81.499621,7,3886,125000000,5
47.686442,5.6,2233,125000000,5
43.129703,7.1,1710,65000000,5
27.220157,6.4,510,160000000,4
90.33681,6,2651,130000000,5
50.073575,4.2,1418,125000000,5
45.419668,6.2,1386,123000000,5
41.380094,6.2,2392,125000000,5
54.931334,5.9,1928,125000000,5
25.752118,6.2,597,120000000,5
60.810723,5.4,2589,130000000,5
51.328145,7.2,5797,120000000,5
46.834704,5.2,1712,110000000,5
62.641286,5.9,2341,120000000,5
33.616115,5.2,914,120000000,5
68.889395,6.3,5080,130000000,5
27.990284,5.4,613,120000000,5
67.33767,6.4,3439,115000000,5
27.835436,6.3,1570,105000000,4
66.757869,5.7,2342,120000000,5
17.060695,5.7,354,120000000,4
11.137655,4.9,223,120000000,4
44.906918,5.9,1547,117000000,5
67.698004,6.4,4800,120000000,5
44.108427,7.1,4116,113000000,5
43.987061,6.4,3992,120000000,5
106.815545,7.5,5996,115000000,5
15.953444,6.3,4053,120000000,5
54.035265,6.3,4432,115000000,5
64.183321,6.8,2399,135000000,5
20.344364,5,471,97250400,4
18.714197,5.8,341,115000000,4
60.467984,6,1523,115000000,5
143.350376,5.8,2636,125000000,5
110.153618,7.3,5751,105000000,5
16.90444,5.7,428,116000000,5
39.873791,5.8,963,135000000,5
38.126095,4.4,2278,120000000,5
48.780039,6.3,2862,110000000,5
100.412364,6,2968,110000000,5
42.887121,6,925,110000000,5
23.657284,6.8,1099,110000000,5
76.840712,6.4,2124,110000000,5
44.635452,6.5,2965,110000000,5
103.718387,6.2,3829,110000000,5
45.616098,7,1489,116000000,4
22.845143,4.9,621,112000000,5
31.703608,5.5,1251,120000000,5
71.510596,6.1,2397,110000000,5
36.65422,5.5,1179,110000000,5
19.625972,5.7,389,110000000,4
86.105615,5.9,1998,110000000,5
37.195046,6.6,2692,110000000,5
32.473628,5.5,695,105000000,5
23.336875,4.1,434,160000000,5
45.94834,6.6,2303,110000000,4
48.93337,6.4,2089,110000000,5
138.049577,8,8705,93000000,5
22.643776,5.7,672,110000000,4
18.866672,6.7,447,107000000,4
95.914473,6.7,3793,120000000,5
44.490453,6.6,1157,130000000,5
30.475297,5.8,959,133000000,5
62.479574,6.7,1247,105000000,5
167.93287,7.6,7268,108000000,5
37.68056,6.5,1770,126000000,5
1.004579,3.7,16,90000000,3
52.995628,6.1,1485,90000000,5
95.301296,7.9,5439,103000000,5
65.948959,7.1,2608,102000000,5
132.397737,7.4,5815,100000000,5
88.935165,7.3,3855,150000000,5
51.188633,5.6,1243,100000000,5
101.74155,7.7,4185,100000000,5
33.691694,6.5,1344,80000000,5
42.361215,7.4,1502,100000000,5
38.729418,6.8,1116,115000000,5
40.597856,6.2,954,100000000,5
32.389353,5.4,1060,100000000,5
24.399642,6.1,1383,100000000,5
24.507987,5.6,543,100000000,5
82.121691,7.8,10099,100000000,5
46.727941,6.8,1129,100000000,4
51.113717,7.2,1490,100000000,5
53.732892,6.1,2896,100000000,5
58.849256,6.4,1926,100000000,5
30.863434,4.9,967,100000000,5
31.586215,6.4,572,100000000,4
36.711378,6.4,1121,100000000,5
41.426678,6,1699,100000000,5
20.652943,5.5,482,100000000,5
52.792678,7.3,2281,100000000,5
95.007934,7.9,6571,100000000,5
48.205606,5.2,1498,100000000,5
58.782359,6.7,1560,105000000,4
73.872343,6.6,2977,102000000,4
37.321848,6.5,703,80000000,4
32.271938,4.2,808,100000000,4
76.842247,5.6,1680,100000000,5
38.924136,7.2,948,140000000,4
19.38841,5.3,381,100000000,4
61.025639,6.1,1795,90000000,5
33.507289,5.5,783,105000000,4
50.767332,6.5,1276,100000000,4
12.092241,4.4,142,100000000,3
30.254021,6.4,717,100000000,4
34.308098,6.5,604,99000000,5
3.091077,7.1,73,10000000,3
41.862983,6,2206,98000000,5
46.160048,7.1,1910,100000000,5
12.516546,7.1,187,94000000,4
23.230851,5.9,601,85000000,4
19.224754,5.4,334,90000000,4
44.455166,7.2,1811,92000000,5
109.528572,7.3,3885,90000000,5
18.325897,5.4,426,100000000,5
37.054554,7,858,95000000,4
65.229868,6.2,2672,95000000,5
101.187052,6.7,2374,95000000,5
29.257137,6.6,1065,65000000,4
85.688789,7.6,6122,94000000,5
123.630332,8.1,8064,94000000,5
106.914973,8,7487,79000000,5
63.628459,5.2,957,95000000,4
41.498631,5.7,2192,115000000,5
58.991388,5.9,2295,100000000,4
1.859364,5.7,2077,93000000,5
138.433168,7,4347,93000000,5
21.436682,6.3,572,90000000,5
65.402595,5.2,3493,92000000,5
10.660441,5.8,106,145000000,3
77.817571,7.4,5152,92000000,5
7.029308,5.7,136,98000000,3
61.121717,6,2010,95000000,5
104.121555,6.9,4412,90000000,5
73.575118,7.3,3806,90000000,5
37.698465,6.3,1165,100000000,5
35.814765,6.4,1054,90000000,5
15.835672,6.3,488,100000000,5
46.781182,6.5,1747,100000000,5
69.457898,6.5,2271,90000000,5
43.348022,7,3144,90000000,5
40.20395,5.6,1232,92000000,5
63.429157,7.9,4339,90000000,5
67.427755,7.6,2008,90000000,5
43.192048,6.5,1667,92000000,5
47.651083,7.2,2434,90000000,5
51.881077,6.9,2066,90000000,5
57.834787,7,5766,90000000,5
29.608322,5.3,621,100000000,4
51.548589,6.7,1224,120000000,5
38.832842,6.7,1173,75000000,5
40.597344,5.5,1048,90000000,5
140.849495,5.6,2513,88000000,5
34.035114,6.8,1974,100000000,5
16.302378,5.2,466,90000000,5
55.249434,7.2,1308,90000000,5
28.200874,5.6,634,95000000,5
18.69984,6.2,392,80000000,5
40.262261,5.9,1648,90000000,5
56.811056,5.5,1418,95000000,5
51.535701,6.7,3235,90000000,5
20.913852,5.9,302,68000000,4
27.166757,6.8,579,92000000,4
16.058284,5.7,369,90000000,4
46.200042,6.5,2166,90000000,5
24.939295,6.9,963,100000000,4
15.350451,5.9,290,90000000,4
15.625949,6.1,264,100000000,3
31.802807,6.6,650,20000000,4
24.100863,7.3,616,88000000,4
3.593349,5.4,50,90000000,3
14.824166,6.7,216,87000000,4
32.079995,6.1,950,92000000,5
57.739713,7.5,3218,90000000,5
37.272385,5.9,1410,100000000,5
53.213931,7.2,2825,75000000,5
36.38795,6.2,840,85000000,5
60.929352,7.2,3783,85000000,5
36.605246,5.6,924,75000000,4
56.257411,6.8,2566,85000000,5
29.21998,6.6,1449,85000000,5
34.773106,6.3,1345,85000000,5
9.895061,5.1,313,85000000,5
36.743324,5.8,932,75000000,5
44.967453,6.7,1225,85000000,5
41.207568,6.7,1240,90000000,5
16.479851,6.2,360,85000000,5
42.069993,6.5,1999,85000000,5
26.61951,6.1,656,85000000,5
80.316463,6.9,4663,85000000,5
41.273567,7.2,999,68000000,4
24.107835,6.4,514,85000000,4
32.044191,6.1,712,85000000,4
16.595874,7.3,652,85000000,5
8.282876,6.1,1705,85000000,5
36.069611,6.9,1147,90000000,4
18.827753,5.5,427,85000000,4
48.126297,5.5,1114,85000000,5
38.885195,7.2,2126,60000000,4
29.211255,5.4,516,60000000,4
17.783361,4.7,332,84000000,4
31.435539,5.4,820,84000000,5
57.673932,6.6,1940,50000000,4
41.176631,6,2104,82500000,5
13.661289,6.7,226,8000000,3
11.77398,4.9,119,85000000,4
21.218,5.9,1799,85000000,5
58.57976,6.5,1527,85000000,5
51.970905,7.3,2023,65000000,4
18.447479,5.7,595,82000000,4
109.684788,6.4,3012,80000000,5
77.580661,6,2926,80000000,5
75.290998,6.7,2631,80000000,5
68.550698,6.9,9455,75000000,5
58.040149,6.2,3739,80000000,5
59.113174,6.6,1673,80000000,5
36.32705,6.3,1074,80000000,5
55.659988,7.1,1314,80000000,4
14.132583,5.8,288,85000000,4
34.070054,5.9,855,75000000,4
26.065735,6.2,785,82000000,5
23.473004,5.4,484,75000000,5
45.589568,5.8,1155,80000000,5
23.496054,6,1051,80000000,5
16.939441,6.3,410,80000000,5
81.914696,7.8,6336,80000000,5
19.500893,5.3,331,80000000,5
29.558157,6,1333,75000000,5
46.075037,6.8,1583,80000000,5
23.531721,5.9,901,80000000,5
49.078546,7.3,1077,80000000,5
37.02665,6.3,1543,80000000,5
45.154631,6.5,1270,75000000,5
46.887983,6.3,1018,80000000,5
24.598479,6.7,533,79000000,5
32.363538,6.6,2164,80000000,5
11.50396,5.3,695,80000000,5
19.375768,5.2,369,80000000,4
36.125715,6.5,1288,80000000,5
41.890722,5.2,1043,80000000,5
22.179658,6.5,431,75000000,4
139.575085,7.4,3946,68000000,5
18.264635,5.6,332,70000000,5
11.187696,5.2,220,80000000,5
41.670544,7.4,831,80000000,4
27.46264,5.3,498,80000000,5
17.455024,5,388,80000000,4
21.394281,6.2,393,80000000,4
61.692197,6.7,1497,80000000,5
14.530946,7,292,80000000,4
25.978555,5.8,631,80000000,4
36.788745,6.1,932,102000000,4
31.054334,5.9,893,75000000,4
21.891078,6.8,577,85000000,4
40.138009,5.6,818,88000000,4
44.090535,6.1,1509,70000000,4
36.664991,5.9,1195,80000000,4
18.26121,6.9,189,80000000,3
16.681269,5.8,378,80000000,5
10.088006,5.2,133,80000000,4
7.89147,3,255,44000000,3
16.715631,5.6,297,80000000,4
9.357734,5.1,165,80000000,4
11.22268,5.4,318,80000000,3
14.564667,6.1,299,80000000,3
11.356079,5.2,305,90000000,4
52.612025,5.7,1316,90000000,4
13.800656,5.4,267,80000000,3
27.097932,6,639,86000000,4
7.342892,4.8,111,80000000,3
50.561849,5.2,1267,130000000,4
59.248437,7.7,3009,60000000,5
90.457886,8,5376,45000000,5
40.723459,5.8,1030,79000000,5
41.247402,6.4,915,78000000,5
10.083905,6.7,1115,78000000,5
16.759252,6.5,318,100000000,4
22.132418,4.1,604,79000000,4
10.520961,6.2,2028,76000000,5
35.384423,7.6,756,64000000,4
15.673154,5.7,359,80000000,3
8.981427,3.9,87,76000000,3
31.482872,5.9,3462,75000000,5
47.436675,5.7,1155,78000000,5
136.886704,7,4637,76000000,5
60.442593,6.7,3260,75000000,5
2.502487,6.2,2487,73000000,5
48.110909,6.6,3237,75000000,5
35.387874,7.4,2071,76000000,4
4.66891,6.8,4097,75000000,5
73.82289,6.4,2528,75000000,5
51.469576,6.9,1456,75000000,5
85.115058,6.5,2951,80000000,5
61.437586,6.6,2105,75000000,5
31.160542,6.5,709,50000000,4
15.761384,4.7,183,80000000,4
71.124686,7.3,5487,75000000,4
38.864027,6,1705,80000000,5
57.753914,7,1910,60000000,5
13.25753,5.7,202,35000000,4
13.318744,5.9,283,75000000,5
18.70031,6.5,338,75000000,4
47.094369,5.8,1557,75000000,5
14.486311,6.6,284,70000000,5
18.61472,5.4,292,53000000,4
29.035222,6.9,696,70000000,4
27.055085,6.4,573,70000000,4
23.004607,5.7,772,75000000,4
48.744209,7.1,2265,75000000,4
14.209329,5.8,369,80000000,4
36.368839,6.3,874,75000000,4
24.353302,6.2,302,75000000,4
19.143321,5.9,311,55000000,4
37.917002,5.7,880,75000000,5
23.663713,6.2,512,52000000,4
14.44381,6.3,313,75000000,3
10.605084,5,166,75000000,4
11.873856,6.1,221,75000000,3
8.098369,4.3,78,75000000,3
20.374308,5.7,276,45000000,3
42.006908,6.9,1946,75000000,5
875.581305,6.4,4571,74000000,5
39.127082,5.9,1623,82000000,4
20.790703,5.8,327,73000000,4
18.65988,5.8,476,75000000,3
45.720894,5.9,1022,73000000,5
21.789615,5.4,444,70000000,4
20.199057,5.7,390,75000000,4
26.123705,6.5,513,70000000,4
12.599836,6.2,491,72500000,5
13.543053,4.9,410,70000000,5
60.722162,7.7,3336,72000000,5
32.227223,6.6,765,72000000,4
46.875375,6.9,2264,75000000,5
11.215702,6.6,188,72000000,3
8.468586,4.5,179,94000000,4
8.884318,6.9,180,74500000,4
27.491891,6.2,1071,60000000,5
21.462935,5.4,686,71000000,5
28.848187,6.4,1599,72000000,5
47.320801,6.7,2988,150000000,5
82.643036,6.6,3877,120000000,5
20.230535,5.7,455,70000000,5
46.217769,5.8,1424,70000000,5
36.952268,5.8,719,74000000,5
16.411345,6.4,470,80000000,5
72.595961,7.9,6430,70000000,5
33.648404,6.6,1532,70000000,5
57.69847,6.6,1896,70000000,5
34.052253,5.8,770,80000000,4
27.299301,6.5,1078,68000000,5
20.219385,5.3,409,75000000,4
42.957216,5.5,1217,70000000,5
29.412262,5.4,666,75000000,5
19.708731,6.7,521,75000000,4
59.428223,6.2,2981,70000000,5
19.711951,6.3,391,70000000,4
49.199234,5.5,1448,70000000,5
46.199482,7.6,1994,70000000,4
29.505574,7,992,66000000,5
43.873266,5.8,1523,70000000,5
24.961625,7.1,808,70000000,4
23.25645,5.8,493,70000000,4
64.457947,6.2,2389,70000000,5
20.089933,6,352,70000000,4
48.032734,7.1,1184,70000000,4
16.92991,7,630,70000000,4
14.780634,5.2,304,70000000,4
14.086292,5.4,228,70000000,4
29.261348,5,609,60000000,4
13.267631,5.2,269,70000000,3
58.401204,6.1,1862,70000000,5
23.515938,6,385,75000000,4
14.244518,5.9,241,70000000,3
29.501489,6.1,695,66000000,4
8.37378,4.3,97,70000000,3
10.930537,5.5,179,70000000,3
10.54544,5.9,228,75000000,3
6.682006,5.9,43,70000000,3
46.832372,5.1,826,70000000,3
24.664776,5.7,439,70000000,4
13.483387,4.6,180,70000000,3
44.478043,6.7,1659,50000000,4
25.020428,4.4,533,70000000,4
22.392544,5.9,437,68000000,5
107.069763,5.8,2301,68000000,5
22.572323,6.7,423,68000000,4
113.858273,7.1,6478,69000000,5
10.004564,5.4,222,60000000,3
68.734513,6.2,2463,68000000,5
18.888806,6.9,395,70000000,3
12.948627,5.7,250,68000000,3
27.11589,5.4,611,36000000,4
26.153669,7.3,481,90000000,4
28.223664,6.3,588,80000000,4
37.507136,6.5,895,70000000,4
11.023691,5.5,531,69000000,4
38.634767,5.5,1269,69000000,4
25.877794,6,602,66000000,5
18.59991,6.6,488,66000000,5
12.282911,5,207,67000000,3
76.041867,7.9,5048,70000000,5
54.81489,6.1,1520,66000000,5
31.39165,6.1,992,70000000,5
99.561972,7.1,3857,59000000,5
26.792794,5.3,567,68000000,4
36.307296,6.7,1429,65000000,5
104.309993,7.9,8907,63000000,5
68.140214,7.3,1599,52000000,5
14.646884,5.5,297,65000000,5
48.356214,7.1,1884,61000000,5
28.540267,6.3,838,65000000,5
22.977983,6.5,1062,65000000,4
31.086791,6.3,1183,95000000,5
43.865294,6.2,1685,65000000,5
43.055253,7.3,1400,65000000,5
15.772081,6.3,403,65000000,4
26.19909,6.1,588,70000000,5
22.769108,5.7,453,50000000,5
18.281798,6,238,65000000,4
24.697533,5.9,447,63000000,5
31.349143,5.9,1743,65000000,5
27.870312,7.1,1234,65000000,5
33.439187,6,466,65000000,4
59.634029,6.7,2542,50100000,5
38.994297,5.9,1389,65000000,5
49.660055,5.7,1252,65000000,4
11.743085,6.4,215,4200000,3
6.227675,5.6,1600,65000000,5
42.57877,6,1175,45000000,4
15.858629,6.5,314,65000000,4
15.194239,6.1,779,65000000,4
146.757391,8.3,9413,63000000,4
8.629665,6.7,186,65000000,4
16.803457,5.4,269,65000000,3
31.324734,5,687,65000000,4
20.415572,6.7,274,50000000,4
28.613892,4.8,575,43000000,4
85.428395,6.3,1286,65000000,3
4.137237,5.3,63,64000000,4
60.246978,6.7,1772,55000000,5
42.551902,7.1,1165,50000000,4
40.137264,5.9,979,63000000,5
24.857079,6.1,409,65000000,4
40.413191,7.6,4856,63000000,5
13.859307,6.5,202,63000000,3
18.832471,6.4,386,62000000,5
9.568884,5.9,145,65000000,4
12.421504,5.3,261,64000000,4
18.096884,6.1,340,62000000,4
11.056763,6.5,195,62000000,4
13.218008,4.3,242,62000000,4
11.262655,5.8,178,62000000,3
68.717016,7.6,4274,44000000,5
16.791058,5.5,331,63000000,5
65.197968,7,4997,65000000,5
32.829538,6.1,1373,80000000,5
30.951203,6.9,1343,60000000,5
103.698022,8.2,4048,60000000,5
47.973995,5.6,944,150000000,5
143.041543,7.9,5862,61000000,5
86.476817,7.3,3583,60000000,5
59.824565,6.6,1174,58000000,5
18.345613,6.1,205,60000000,4
56.488027,7.8,4537,60000000,5
29.464852,6.8,817,70000000,5
18.106021,5.6,506,60000000,5
42.881415,6.6,1589,61000000,4
18.735024,5,352,60000000,4
62.766854,6.6,1919,60000000,5
24.153567,5.9,487,60000000,4
41.515702,6,1272,60000000,5
26.676487,5.3,588,70000000,5
16.278022,5.9,353,60000000,5
18.831023,5.7,526,60000000,4
113.161483,6.4,3040,61000000,5
28.800112,5.8,636,60000000,5
41.430245,6.6,2808,58000000,4
23.127561,6.8,422,55000000,4
12.867352,6.7,292,60000000,5
44.815022,7,1451,65000000,5
37.537093,5.3,779,60000000,5
10.99991,6.2,207,60000000,4
56.868399,6.3,2998,60000000,5
22.991269,5.6,604,60000000,4
38.820858,6.2,1325,60000000,4
51.146047,7.3,1386,60000000,4
20.501582,4.9,950,60000000,5
45.299089,7.3,1553,70000000,4
4.280619,4.5,137,50000000,4
28.848842,5.6,644,60000000,5
22.501041,5.5,575,60000000,4
47.479755,6.5,2225,66000000,4
10.147321,6.1,109,70000000,4
39.539045,6.7,789,60000000,4
19.747459,6.1,527,60000000,5
29.018826,5.9,581,60000000,4
16.493576,5.8,258,60000000,4
13.080725,5.6,210,60000000,4
42.538258,5.9,1173,60000000,4
29.876507,6.4,1581,60000000,4
61.849521,5.8,1621,60000000,5
37.44963,5.9,1365,70000000,5
37.378081,6.9,1462,61000000,4
30.656345,6.6,668,60000000,4
15.142701,6.3,338,75000000,4
59.547928,7.5,3070,60000000,5
27.615108,6,669,60000000,4
29.041198,6.2,1778,60000000,4
25.293538,4.6,524,60000000,4
23.85119,7,1125,60000000,4
21.685719,6.7,484,60000000,4
13.630049,5.7,201,78146652,4
6.80692,5.1,80,65000000,3
15.352807,5.8,225,60000000,4
23.661071,5.6,556,70000000,4
21.605533,6.1,479,60000000,4
22.620125,5.8,391,60000000,4
24.657931,6.2,487,80000000,4
12.621769,5.8,130,60000000,3
21.08952,5.7,380,60000000,4
18.380176,5.9,375,60000000,4
17.299333,6.6,234,60000000,3
16.848899,6.3,251,80000000,3
21.547446,7.4,797,60000000,4
36.689223,4.7,549,60000000,4
28.350927,5.4,692,60000000,4
18.815442,6.6,372,60000000,3
29.787135,6.5,742,60000000,3
8.927137,6.1,204,60000000,4
15.213484,5.7,287,50000000,4
13.155999,6.3,271,60000000,3
15.433244,7,285,72000000,3
5.762037,4.9,109,90000000,3
22.736038,6,487,60000000,3
45.514031,6.2,1602,60000000,4
18.676291,5,371,60000000,4
14.376463,5.3,274,30000000,3
27.018886,6,592,60000000,4
14.84856,4.7,320,60000000,3
52.417529,5.4,1055,60000000,3
4.72629,6,24,68490000,5
8.923215,6.8,91,80000000,3
514.569956,7.4,10995,58000000,5
87.53437,7.4,4469,58800000,5
45.351617,6.2,995,58000000,5
13.43573,6.5,579,58000000,4
6.248309,4.4,134,83000000,4
31.294717,5.7,690,63000000,5
7.739276,5.7,130,58000000,4
14.403696,5.1,276,58000000,4
1.551497,6.1,1658,58000000,4
2.143764,5.8,1363,60000000,5
12.29603,5.9,178,58000000,4
33.8473,7.2,1374,57000000,5
21.723897,5.5,453,70000000,4
31.791979,6.4,535,57000000,4
14.113066,6,226,60000000,4
48.622278,4.7,1135,57000000,4
9.061866,5.5,145,57000000,4
35.4763,5.8,842,56000000,4
23.438398,6,381,56000000,4
138.133331,8.2,7927,55000000,5
47.336034,5.5,1177,60000000,5
29.97224,6.6,1698,55000000,5
47.845589,6.7,1457,55000000,5
48.507081,6.9,1022,55000000,5
20.28119,5.4,702,54000000,4
34.576913,6.4,1665,70000000,5
36.194802,6,1129,55000000,5
52.786917,7.6,2454,55000000,4
38.06168,5.9,1122,55000000,5
19.830132,6,1019,50000000,5
79.922059,7.1,2954,55000000,5
19.738215,5.6,485,55000000,5
20.334629,7,498,53000000,5
80.581367,7.7,2525,55000000,5
32.05145,6.1,772,55000000,5
15.064058,5.9,210,55000000,5
21.272734,6.4,529,55000000,5
79.754966,7.7,4949,30000000,5
50.622607,7.6,3948,30000000,5
22.787667,6.1,458,55000000,4
29.498304,6.3,636,55000000,4
25.400935,6.2,735,55000000,4
17.231675,5.8,256,55000000,4
32.835777,5.7,751,55000000,5
17.097041,6.3,461,55000000,4
14.414937,5.7,254,55000000,4
45.856409,6.2,1633,50000000,5
7.027139,5.9,120,55000000,4
32.657488,6.7,658,55000000,4
12.46525,6.4,236,50000000,4
39.882276,7,883,55000000,5
39.395881,5.3,881,68000000,4
8.634954,6,189,55000000,3
8.802525,5.1,188,55000000,3
23.700759,6.4,374,60000000,4
27.50916,7.3,1131,55000000,4
20.58862,5.3,284,50000000,4
4.366488,5.7,194,55000000,3
18.927463,7,438,70000000,5
15.274137,6.6,303,55000000,4
29.954302,5.4,703,62000000,4
4.362535,6.1,48,56000000,3
4.700024,5.2,62,55000000,3
14.808304,6.2,316,50000000,4
9.27875,4.2,91,57000000,3
22.863516,6.9,573,55000000,4
23.962109,7.3,395,2000000,3
12.669778,5.3,123,55000000,3
67.169587,6.2,1528,54000000,5
41.472404,7.5,2039,55000000,5
22.503935,5.2,481,55000000,3
59.194915,7.1,1546,54000000,4
22.894898,6.1,327,57000000,4
18.600367,5.4,407,54000000,4
30.515175,6.5,629,54000000,5
9.053456,3.5,104,54000000,3
7.768223,5.7,95,55000000,3
19.643365,5.5,308,46000000,4
45.565918,7.4,1432,53000000,4
57.374341,7.4,1300,52500000,5
8.41856,5.4,113,75000000,4
46.049902,6.3,1242,53000000,4
23.9366,6.7,526,90000000,4
49.593978,7.2,1486,53000000,4
16.637642,6.8,459,67000000,3
73.944049,7.7,3795,52000000,5
38.306954,6.7,1702,40000000,4
26.251217,5.6,832,52000000,5
30.780599,6.4,1386,52000000,5
25.41929,5.7,1013,52000000,5
15.98212,5.1,316,50000000,4
40.072583,7.2,771,52000000,4
32.015477,5.9,736,52000000,4
24.444186,6.9,435,82000000,4
40.06688,7.8,1307,52000000,4
27.916284,6.1,675,52000000,4
39.001682,6.1,927,51000000,4
10.430832,5.3,225,51000000,4
94.815867,5.6,2436,50000000,5
67.298732,7.3,4056,60000000,5
26.60772,6.5,1652,50200000,4
28.803729,6.6,909,48000000,5
27.039636,6.7,913,50000000,5
68.87691,6.3,4697,50000000,5
37.885022,7.2,915,50000000,5
35.537397,7,832,50000000,5
38.125008,6,923,50000000,5
18.121404,5.6,644,50000000,5
37.069253,6.6,2435,50000000,5
30.347332,7.1,716,52000000,5
23.854701,6.3,850,50000000,5
52.380982,7,3319,50000000,5
50.163785,7.2,1516,60000000,5
43.849351,6.4,1813,70000000,5
45.318703,6.2,1650,50000000,5
38.616744,5.8,854,50000000,5
65.90161,5.6,1652,50000000,5
45.220386,7.3,1630,45000000,5
17.457947,6.7,548,90000000,5
10.755847,5,213,50000000,5
38.629763,6.5,909,50000000,4
32.693093,5.9,1486,50000000,5
18.806031,5.5,399,50000000,4
32.233713,5.4,632,50000000,5
37.990705,7,2443,50000000,4
17.667826,5.2,820,50000000,5
46.180421,7,1381,50000000,4
30.397496,6.3,513,50000000,5
83.295796,6.8,2268,50000000,5
23.935053,5.5,509,50000000,4
84.630969,7.7,4442,54000000,4
16.251204,6,692,50000000,4
9.894346,6.2,106,50000000,4
12.050755,5.1,542,50000000,4
11.596207,6,220,50000000,4
53.02787,5.7,3239,50000000,5
14.382253,6.3,276,50000000,4
43.450266,5.9,1567,50000000,4
16.871194,6.3,451,50000000,4
42.526529,7,938,50000000,4
34.890999,7.3,755,50000000,4
18.186026,5.6,267,45000000,4
13.576765,6.4,223,50000000,4
19.434672,6,395,50000000,4
62.925175,7.5,1506,50000000,4
32.927994,6.3,1067,50000000,4
39.920035,6.1,1611,50000000,5
28.725621,6.8,582,50000000,4
20.566554,5.8,817,50000000,5
20.333953,5.5,434,50000000,4
33.98637,6.2,652,50000000,4
42.472324,7.2,1417,50000000,4
29.880122,6.1,1267,45000000,4
28.803802,6.1,750,50000000,4
14.993459,6.1,298,50000000,4
9.114168,4.5,104,50000000,4
12.31101,4.4,269,50000000,4
41.362082,6.3,1233,40000000,4
13.298205,5.9,189,50000000,4
19.085403,6.2,371,40000000,4
11.106006,4.4,205,50000000,4
12.25622,5,149,50000000,4
13.365715,5.8,510,50000000,4
16.167093,6,268,50000000,4
23.073933,6,387,50000000,3
6.567065,6,654,50000000,4
6.22577,5.9,75,50000000,4
42.933027,6,1817,44000000,4
19.226763,6.2,286,50000000,4
10.089065,6.1,206,50000000,3
13.391833,6,368,50000000,4
21.637234,5.6,373,50000000,4
61.245957,7.6,1436,70000000,3
25.237969,7.1,775,50000000,3
21.589393,6.6,428,50000000,3
22.442241,7.3,480,50000000,3
74.64653,6.3,1148,50000000,4
35.481169,7.2,848,51500000,4
14.723467,5.8,458,50000000,4
21.084542,6.2,367,60000000,4
21.408222,5.2,501,49900000,3
19.267479,5.8,391,50000000,3
3.314004,5.9,81,50000000,3
21.312186,5.8,274,50000000,3
7.44268,5.5,108,50000000,3
12.54949,6.5,235,22000000,3
18.394571,6,444,50000000,3
8.189406,5.2,44,50000000,3
27.631262,5.6,760,50000000,4
40.721373,5.6,984,60000000,4
37.253774,4.7,797,50000000,4
6.397388,5,76,50000000,3
30.387148,5.3,600,50000000,3
8.139676,3.9,112,50000000,3
21.746245,5.7,437,49000000,4
2.808428,6.2,71,49000000,3
31.02233,7.2,666,50000000,3
25.170217,6.9,562,48000000,5
80.972475,7.6,3152,48000000,5
116.700319,6.6,3062,49000000,4
33.884459,6.5,826,73000000,5
53.043124,6.5,1267,48000000,5
34.973086,6.6,692,75000000,4
40.371098,6.1,547,50000000,3
18.60049,6,518,48000000,4
30.920075,7.1,695,48000000,4
19.348007,5.6,512,48000000,4
8.59075,6.6,68,58000000,3
48.801089,6.9,1188,55000000,4
88.844777,6.1,2200,48000000,5
16.000178,6.5,333,48000000,4
19.525659,5.7,594,47000000,4
7.859226,5.9,251,47000000,4
18.102572,6.6,339,48000000,4
7.226115,6.5,103,48000000,3
63.071046,7.2,1488,15000000,4
10.410933,4.6,104,47000000,3
6.067212,5.7,74,47000000,3
15.401855,6.3,584,38000000,5
41.322708,6.8,1148,46000000,4
25.6713,7,661,46000000,4
22.581313,4.4,420,47000000,3
12.971122,6.2,232,46000000,4
26.721386,6.4,1424,45000000,5
24.672234,6.6,573,25000000,3
0.146783,6.5,2,46000000,3
28.964162,5,543,46000000,5
49.353524,6.1,2757,45000000,5
36.585509,5.8,912,48000000,5
32.624355,6.1,961,45000000,5
53.090422,5.8,1309,45000000,4
30.002907,6,697,40000000,4
17.923254,6.3,371,45000000,5
17.746719,6.4,278,45000000,4
31.305336,7,1111,45000000,5
19.637704,6.3,433,45000000,5
10.411996,5.6,406,43000000,5
88.496873,7.9,3085,46000000,4
52.081131,7.3,1634,45000000,4
30.816341,6.9,710,45000000,4
35.376971,5.4,982,45000000,4
17.047276,6.5,501,45000000,5
43.815492,6.5,1905,45000000,4
23.234651,7.3,496,30000000,4
17.270539,5.9,299,45000000,4
27.684779,4.7,610,45000000,4
26.79781,5.8,575,45000000,4
37.073127,7,1869,40000000,5
87.350802,6.8,2303,120000000,5
26.134678,6.6,741,35000000,4
16.582709,5.5,313,45000000,5
10.731574,5.9,150,45000000,4
8.99269,5.6,176,45000000,4
51.742065,6.6,1315,50000000,4
12.06538,6.1,1292,45000000,4
44.120328,6.6,1006,40000000,4
6.156015,6.4,119,45000000,3
31.856589,6.2,766,45000000,4
24.459948,6.1,537,25000000,4
28.029015,6,852,40000000,5
20.239061,5.5,366,50000000,4
25.876582,6.5,562,40000000,3
20.360549,6.7,796,35000000,4
32.31022,6.2,661,55000000,4
27.568194,5.4,676,70000000,4
13.707183,5.3,244,45000000,4
12.495436,6.5,215,35000000,3
6.803965,6.1,151,45000000,3
9.025236,4.7,136,45000000,3
3.770161,7.1,71,44000000,3
21.118196,6.7,670,45000000,4
6.513856,6,154,45000000,3
11.387408,6.3,90,45000000,3
14.813057,5,332,45000000,4
5.201688,6.3,80,40000000,3
5.361699,6.4,81,45000000,3
3.848893,4,11,45000000,3
35.6585,6,1007,45000000,5
5.258726,2.3,28,65000000,1
62.01056,7.1,3423,44500000,5
54.884297,7.2,1220,44000000,5
33.747825,5.5,858,40000000,4
16.245068,7.3,715,44000000,5
38.653969,6.3,864,44000000,5
46.007991,6.9,1355,2600000,4
5.380124,6.4,55,44000000,3
49.020045,6.4,1528,50000000,4
24.821138,5.6,685,40000000,3
19.043286,7,302,43000000,4
25.999888,6.6,518,45000000,4
18.65632,5.3,280,43000000,4
23.736535,6.6,501,42000000,5
21.75433,6.8,566,44000000,4
44.094856,6.3,1045,40000000,4
62.714026,6.7,4074,42000000,5
28.969151,7,1262,42000000,5
31.789029,6.5,1150,45000000,5
33.238296,5.8,773,42000000,5
6.420434,5.4,134,40000000,4
37.654688,6.5,1575,43000000,5
13.244365,6.7,146,31115000,4
14.046705,6.1,184,42000000,4
14.733513,6.1,305,32000000,4
28.22119,5.9,541,32000000,5
45.151657,5.6,922,42000000,4
15.205371,5.7,191,60000000,4
14.587367,4,232,48000000,3
34.828241,7,1335,42000000,3
23.607392,7.2,635,31000000,5
19.438503,5.3,388,40000000,3
74.168016,6.1,2304,44000000,3
7.349497,6.3,136,42000000,3
7.663515,6.8,148,33000000,3
32.798571,6.8,1626,41000000,5
36.670399,6.6,907,65000000,4
73.085576,7.7,3147,40000000,5
34.041407,6.2,925,42000000,4
9.419726,5.6,248,41000000,3
28.456572,6.9,891,8000000,4
49.664128,6.8,2807,40000000,5
36.238968,6.7,1804,40000000,5
19.439386,6.2,278,70000000,5
43.345252,7.4,3829,40000000,5
115.241998,6.3,5878,40000000,4
98.755657,5.2,3254,40000000,5
21.998734,4.7,511,38000000,5
25.219805,7,509,40000000,5
26.516624,6,699,40000000,5
37.084384,7.4,1526,40000000,4
21.661028,6.7,354,40000000,4
68.794673,7,1949,40000000,5
69.27822,7.1,3391,40000000,5
26.253357,6.2,959,40000000,5
32.549282,5.3,750,45000000,5
24.992057,5.7,736,40000000,5
45.769562,7.1,2900,40000000,5
36.301202,5.9,944,40000000,4
45.022964,7.1,1056,40000000,5
22.853006,6.6,560,40000000,4
31.884559,6.8,787,40000000,4
31.385257,7,767,40000000,4
67.767785,5.4,1127,40000000,5
24.287306,6.7,542,40000000,4
53.114573,7.1,1881,35000000,5
25.136082,6.1,555,40000000,4
37.776566,7.1,732,40000000,4
21.743321,7.2,467,40000000,4
66.003433,7.2,2691,40000000,5
24.862767,6.2,716,40000000,5
25.391899,6.5,515,41000000,4
29.854773,5.7,731,40000000,4
26.82041,7.5,502,40000000,5
17.61292,5.4,371,40000000,4
21.021809,5.8,441,57000000,4
52.571674,6.1,1350,20000000,4
34.519636,6.2,1437,40000000,5
32.478077,5.4,831,40000000,5
48.445978,7.2,2583,40000000,5
24.012986,6,457,40000000,4
17.869443,5.9,612,40000000,4
14.231899,5.9,297,50000000,5
23.088571,6.2,511,40000000,4
19.833664,5,336,40000000,4
26.595983,7.3,453,35000000,4
26.072228,7,902,40000000,4
38.643914,6.5,1265,30000000,4
74.440708,8,4391,40000000,4
82.185281,6.1,1536,42000000,4
18.14218,5.7,332,40000000,4
41.570047,7.3,1221,40000000,4
23.331459,6.2,440,40000000,5
47.649554,6,1206,40000000,4
32.908414,6.4,972,40000000,4
29.88736,6.5,670,40000000,4
29.105407,6.4,573,43000000,4
19.574774,6,394,40000000,4
14.199933,6.8,255,40000000,4
12.229516,6.7,235,40000000,4
27.303608,5.8,629,40000000,4
3.698276,6.8,316,36000000,4
39.381913,4.9,740,40000000,4
17.659032,6.2,554,40000000,4
43.151268,6.5,1789,40000000,4
15.283444,5.4,284,40000000,4
35.21926,6.1,902,40000000,4
25.580272,6.1,474,40000000,4
10.794175,6.7,275,38000000,3
72.641296,5.3,1695,40000000,4
3.415534,5,40,40000000,3
38.555482,5.9,866,47000000,5
24.313684,7,432,40000000,4
9.965073,5.9,182,30000000,4
8.178203,5.4,138,25000000,4
31.066874,6.9,708,40000000,4
22.491388,6.1,412,40000000,4
12.885985,6.3,186,40000000,4
7.832337,5.6,135,40000000,3
10.433667,6.7,155,40000000,3
4.842626,5,45,75000000,3
13.210898,4.6,147,40000000,4
3.296933,5.2,56,40000000,3
19.372805,6.4,278,40000000,4
13.445697,5.4,205,40000000,4
17.002096,7.2,345,500000,3
4.516953,5.9,81,40000000,3
33.785969,6.5,824,40000000,4
16.059443,6.9,190,40000000,3
3.476966,5.7,92,40000000,3
7.360793,4.7,119,40000000,4
14.513305,4.9,256,45000000,3
22.364549,6.5,642,40000000,4
4.494788,4.8,145,63600000,3
47.559928,7,2025,42000000,5
2.410546,4.2,28,55000000,3
41.258956,7.5,1176,40000000,4
8.980846,5.7,124,40000000,3
7.222985,5.7,125,40000000,3
73.720244,7.8,3310,10000000,5
15.219263,5.6,248,60000000,3
8.303696,6.6,152,40000000,3
4.746085,5.9,54,38000000,3
6.756886,3.2,105,40000000,3
16.424807,5.5,348,40000000,3
15.590001,5.9,482,40000000,3
14.566664,4.2,135,45000000,3
28.353517,6.5,774,33000000,3
2.911819,5,28,40000000,3
51.502884,7,1182,50000000,3
13.119133,6,373,40000000,3
26.935458,5.5,392,40000000,3
16.282962,5.1,213,40000000,3
31.690456,6.6,1006,20000000,4
17.842246,6.2,398,20000000,3
64.238688,6.7,2854,39200000,4
44.690107,7.3,953,15000000,4
16.254032,7.5,135,40000000,4
37.492928,6.7,798,39000000,4
27.908783,6.6,932,39000000,3
45.388937,7.4,1264,39000000,3
2.817364,4.5,32,39000000,3
22.164202,5.3,490,39000000,4
21.362949,6,433,40000000,4
14.8375,7.1,205,80341000,4
18.256028,6,394,30000000,5
22.332927,6.4,972,38000000,5
24.085144,5.3,521,38000000,4
14.779041,6.4,452,38000000,4
19.947265,6.3,273,3860000,4
16.801218,6.7,850,38000000,4
20.825781,7.2,396,50000000,4
11.500783,6.2,264,38000000,4
41.258487,5,567,38000000,4
6.454634,5.6,88,53000000,3
30.359164,6.3,756,38000000,4
3.426555,5.7,80,38000000,3
11.60815,6,190,57000000,3
18.664624,6.9,417,10000000,4
10.047579,6.3,86,38000000,3
52.731379,7.8,1588,15000000,3
46.630062,6.2,2035,38000000,4
4.131546,5.8,52,37000000,3
23.465539,6.2,605,55000000,3
25.682509,7,701,32000000,3
6.760922,4.3,75,38000000,3
3.87823,7.1,71,40000000,3
57.889964,5.6,1945,38000000,4
57.773583,7.3,1915,37000000,5
24.218358,7,1468,37000000,5
27.009723,5.8,594,40000000,4
31.941347,6.5,1222,37000000,5
14.353279,5.6,330,37000000,4
33.003828,7.7,2277,38000000,4
30.993736,7.5,825,37000000,4
25.825771,5.3,511,30000000,4
46.078371,5.9,1201,38000000,4
6.63839,6.7,163,37000000,4
127.084938,5.8,3561,37000000,5
27.465433,7,594,36000000,4
16.865782,6.1,352,65000000,4
100.348805,6.8,2972,37000000,5
2.785832,5.3,23,36500000,3
9.176339,6.6,198,36000000,4
23.380757,5.8,338,36000000,5
33.926473,6,894,36000000,4
6.967857,6.7,96,36000000,4
11.470135,5.4,173,42000000,3
19.854932,5.8,258,36000000,4
29.652536,5.2,692,37000000,3
11.492474,5.8,556,37000000,4
70.398356,7.5,1808,36000000,3
1.068453,4.6,14,36000000,3
6.293217,5.2,99,37000000,4
82.21166,7.2,6173,35000000,5
19.167377,6.5,379,36000000,5
18.316151,6.2,1011,33000000,5
44.104469,7,2096,35000000,5
36.172182,6.4,811,35000000,5
25.767395,7.2,1597,29000000,5
21.543389,5.5,867,35000000,4
50.309843,6.5,2277,35000000,4
49.292384,7.2,1668,38000000,5
83.893257,7,3088,35000000,5
24.616634,6.2,530,35000000,4
34.005726,5.6,1645,35000000,5
27.714043,7,675,35000000,5
45.149948,6.5,1375,35000000,4
72.774941,5.9,1181,35000000,4
3.74263,5.5,225,35000000,4
29.381878,7,542,27000000,5
24.860326,7.7,1310,35000000,4
11.041659,5.8,550,35000000,4
23.607071,5.5,453,35000000,4
38.204158,7.2,1180,1800000,3
25.413955,6,436,33000000,4
9.525037,6.8,103,35000000,4
18.39217,6,345,34000000,4
9.254647,6.8,141,32000000,4
40.526587,6.5,2237,35000000,5
50.179171,5.6,1462,35000000,4
31.957947,7.3,1226,35000000,4
19.822791,7.2,370,34000000,4
38.429648,5.6,896,35000000,4
13.707843,5.2,210,35000000,4
51.927471,6.2,1428,35000000,4
14.503568,5.2,253,35000000,4
11.120167,5.8,140,30000000,4
40.370442,7.4,1147,35000000,4
40.715623,6.4,2065,33000000,4
36.230204,7,794,10700000,4
25.903237,5.2,613,35000000,4
60.231382,6.7,3417,40000000,5
18.38292,5.7,458,35000000,4
14.029012,5.9,296,35000000,4
6.889633,6.9,97,35000000,3
19.286099,4.1,325,35000000,4
50.587541,8,1864,35000000,4
17.157738,5.5,677,40000000,4
22.636908,6.7,811,27000000,4
28.069419,6,741,35000000,4
19.774543,6,485,35000000,4
11.644243,5.4,239,35000000,4
27.934978,5.9,730,35000000,4
12.677505,5.9,238,35000000,3
8.737058,6.3,245,35000000,4
12.343507,6.1,233,35000000,3
14.699342,5.8,325,35000000,3
14.513243,5.1,300,45000000,3
5.525544,6.3,157,35000000,3
15.079993,5.6,318,8900000,3
23.835055,6,436,35000000,4
25.454549,5.5,523,30000000,4
22.71592,5.9,437,31000000,3
35.120736,7,823,35000000,4
19.893646,5.6,961,35000000,4
14.051852,5.2,235,35000000,3
19.088655,4.9,379,35000000,3
29.490057,5.7,593,56000000,3
11.195593,5.1,167,35000000,3
17.709888,6.2,832,35000000,3
18.262017,5.4,647,35000000,4
10.10364,6.5,159,35000000,3
28.670477,5.7,1455,35000000,4
16.736734,6,293,31000000,4
13.668633,4.6,149,35000000,3
9.904881,5.8,129,27000000,3
9.789027,6,216,35000000,4
10.73522,6.6,212,35000000,3
6.727949,5.7,55,35000000,3
16.343317,7,322,35000000,3
14.818718,5.3,220,40000000,3
43.862456,6.5,987,32000000,4
27.903999,5.5,555,35000000,3
3.746806,4.8,91,35000000,3
17.112498,5.6,294,20500000,3
10.304172,4.9,135,35000000,3
37.335721,6.9,1121,35000000,4
16.782471,6.5,357,35000000,4
3.503408,6.6,53,35000000,3
9.07278,6.2,142,35000000,3
2.877488,6.7,25,35000000,3
5.516207,6.6,49,38000000,2
20.27704,5.8,307,35000000,3
131.815575,7,5371,34000000,5
16.832312,5,320,35000000,3
9.133747,7,169,34000000,3
24.606012,6.8,827,35000000,3
3.276912,5.3,29,70000000,3
16.830184,5.1,344,35000000,3
39.58676,7.5,926,41677699,5
41.946523,7.3,1064,34000000,4
20.697556,5.4,254,75000000,3
15.50957,6.5,224,35000000,3
4.602185,7.1,67,32000000,4
40.379966,7.1,877,40000000,5
12.601306,5.3,110,50000000,4
24.389194,5.6,506,30000000,5
23.328823,4.8,469,30000000,4
29.775441,6.7,663,33000000,4
19.642328,5.1,497,33000000,4
35.099611,6.1,766,33000000,4
16.541791,6.6,238,30000000,3
31.92695,6.3,799,30000000,4
46.509071,7.9,4665,32350000,5
21.538222,5.8,363,30000000,3
33.923786,7.2,813,32000000,4
20.908494,5.3,394,35000000,3
16.901954,6.4,987,32000000,5
15.039407,6.2,323,32000000,5
14.642055,5.6,359,32000000,4
17.107065,6.5,1661,32500000,5
38.21708,6.3,2359,32000000,4
14.993169,6,242,29000000,4
24.147269,7,544,32000000,4
18.47242,6,394,32000000,4
18.84332,5.7,414,35000000,3
15.901137,5.3,313,32000000,4
59.19888,7.1,2699,32000000,4
14.48851,6.7,374,32000000,3
23.197408,6.3,1018,30000000,4
10.651202,6.7,232,33000000,3
10.032626,5.6,143,35000000,3
34.628738,6.9,832,32000000,4
47.5612,6.2,1061,32000000,4
16.473355,6.3,427,32000000,3
6.201404,5.6,104,28000000,3
25.799697,6.2,620,32000000,3
4.822033,4,104,70000000,4
26.9385,5.3,724,30000000,3
4.098444,7.1,24,32000000,3
5.347936,5.9,86,32000000,3
49.973462,8,2055,31500000,4
13.611544,6,262,32000000,4
27.891012,5.7,557,31500000,3
13.864975,7,279,31000000,4
42.213765,6.5,2415,31000000,5
29.887404,5.9,541,34000000,5
74.417456,8,4519,30000000,5
7.06762,6.4,131,31000000,3
15.895661,6.2,433,31000000,4
19.258041,7,462,31000000,4
47.753598,6.2,1195,31000000,4
15.585138,6.4,302,30250000,4
32.217425,6.9,677,45000000,5
34.86859,6.1,875,34200000,5
36.432598,6,1344,30000000,5
73.640445,7.7,5269,30000000,5
49.526736,6.8,1783,30000000,5
26.780961,7,1293,30000000,5
6.487344,6,89,31000000,3
25.996219,7.4,821,30000000,4
46.212155,7.2,957,30000000,5
32.105328,7.2,1101,25000000,4
41.156217,6.2,981,20000000,5
37.179547,6.7,848,30000000,5
34.391792,6.1,1099,30000000,5
40.176265,6.5,1023,37000000,5
10.704596,6.5,166,26000000,4
79.579532,8.1,5765,33000000,5
63.13678,7.3,3382,30000000,5
27.870755,6.7,574,30000000,4
31.242999,7.6,1422,25000000,5
70.456012,7.7,2439,30000000,5
29.415229,6.4,503,80000000,5
55.109138,7.7,3067,29000000,4
30.695228,6.1,978,30000000,5
13.788422,6,449,35000000,5
4.590277,6,100,30,1
3.845231,5.9,56,30000000,4
26.952727,7.2,619,30000000,5
33.704181,6.7,1205,25000000,5
19.925026,6.7,362,30000000,4
43.742241,6.4,2652,35000000,4
46.377628,6.6,4697,30000000,4
34.36645,6,733,30000000,5
12.967137,5.8,284,30000000,4
50.670253,6.4,1172,30000000,4
24.694551,6.7,607,45000000,4
11.409124,5.8,205,30000000,4
33.385429,5.9,856,30000000,4
8.584398,5.3,214,19000000,4
41.569541,6.3,1204,37000000,4
43.753585,7.4,1990,30000000,5
28.350529,7.4,1317,53000000,4
10.81051,5.8,196,80000000,4
19.578249,5.6,376,30000000,4
28.624038,6.3,521,30000000,4
27.230493,6,506,30000000,5
30.380747,6.8,643,30000000,5
29.489274,6.9,977,30000000,5
8.058109,5.1,123,30000000,4
33.369305,7.4,1049,30000000,4
11.19602,6.2,243,30000000,4
14.585968,4.9,140,30000000,4
43.571612,7.2,1894,40000000,4
55.424027,7.2,2416,30000000,4
65.364452,7.3,2067,30000000,4
45.083509,6.2,966,30000000,4
82.052056,7.4,1990,25000000,4
25.060342,6.6,582,30000000,5
11.42943,5.6,159,25000000,4
32.26789,7.1,721,30000000,4
33.394082,6.2,767,30000000,4
73.987775,6.5,2263,30000000,4
10.608998,3.7,359,30000000,4
12.821329,7.2,238,30000000,3
30.131498,6.4,703,27000000,3
12.113235,6.6,384,25000000,3
31.191975,6.5,1263,30000000,4
11.916389,3.8,221,30000000,4
20.355458,5.7,359,30000000,3
63.848541,5.8,1463,30000000,4
8.999675,6.6,162,30000000,3
9.278361,6.5,206,30000000,4
55.806402,6.6,1262,30000000,4
48.237797,6.4,1323,30000000,4
19.143721,6.8,258,30000000,3
15.67747,4.1,210,19000000,3
4.52363,6.3,66,30000000,3
5.301589,5.4,163,30000000,3
20.063165,5.8,339,30000000,4
6.246199,5.2,112,35000000,3
27.71063,5.7,457,30000000,4
2.850896,5,66,30000000,3
34.421696,6.9,905,30000000,4
15.89534,4.8,458,30000000,3
18.706504,6,311,30000000,3
9.607391,6,127,30000000,3
2.77255,5.2,47,25000000,3
20.236951,6.6,1233,30000000,4
16.883429,5.7,313,30000000,3
12.779201,6.8,125,35000000,3
14.729386,5.5,278,40000000,3
11.374306,5.1,221,37000000,3
10.703602,6.3,240,30000000,3
10.756266,5.1,202,30000000,3
4.352422,5,68,30000000,3
9.301562,6.7,157,30000000,3
18.27083,6,603,17000000,3
19.106154,6.4,330,30000000,3
12.10235,4.7,114,25000000,3
3.362045,6.1,152,23000000,1
10.694417,4.8,131,30000000,3
6.353971,6.7,161,30000000,3
37.181019,6.3,869,30000000,4
4.952735,7.2,129,30000000,3
22.975918,5.5,543,30000000,4
8.359599,5.8,153,30000000,3
16.102271,7.4,383,18000000,3
8.386432,6.3,141,30000000,3
12.790408,5,205,21000000,1
35.53352,7,776,30000000,3
4.065212,5,41,30000000,1
13.268936,6.4,286,30000000,3
66.242737,5.6,2238,19000000,4
71.496894,6.8,1940,29000000,5
35.580032,7.3,718,28000000,5
8.085872,5.9,159,30000000,3
18.165957,6.6,275,30000000,3
8.93941,5,85,29000000,3
20.55509,5.5,431,29000000,4
12.653831,4.9,287,12000000,3
24.240361,6.8,455,29000000,3
92.982009,7.4,3416,28000000,5
61.76233,7.7,1355,28000000,5
66.976776,7.1,2781,28000000,5
7.981116,5.7,147,30000000,4
21.252797,6.1,400,60000000,4
19.237254,6.6,392,29000000,4
27.555646,6.2,594,29000000,4
66.169628,7.5,3948,28000000,4
24.917665,6.4,564,28000000,4
57.518472,7.3,2607,28000000,4
7.534003,7,159,28000000,4
44.529429,6.8,1016,28000000,4
14.949395,5.5,427,35000000,4
14.726338,6.5,356,30000000,3
24.13081,7.4,1286,21000000,4
45.915165,7.1,1061,30000000,4
28.043508,6.4,799,28000000,4
26.090746,6.3,490,28000000,5
14.530803,6.6,521,28000000,4
13.308127,5.5,282,27000000,4
38.0958,6.1,1337,28000000,4
37.729059,6.9,823,28000000,4
18.650748,6.4,471,28000000,3
15.794946,6.1,327,28000000,4
45.054936,7.1,4645,28000000,4
25.039383,5.6,531,28000000,4
6.756771,4.6,148,28000000,3
22.14595,6.1,493,28000000,4
36.58383,7.7,1358,28000000,4
94.056131,7.9,3509,28000000,3
10.703456,6.5,148,28000000,3
41.638961,6,883,28000000,4
14.518708,6.5,323,21000000,4
3.75074,7,49,35866397,3
22.074306,5.8,491,28000000,3
4.436792,6,69,28000000,3
14.639324,5.5,345,28000000,4
1.767479,5.5,46,28000000,3
13.145205,4.8,296,28000000,3
12.921594,5.8,195,28000000,3
28.397048,5.5,640,28000000,3
7.039189,6.8,91,28000000,3
16.785866,6.2,244,27000000,3
40.28635,6.3,2224,28000000,4
6.009644,5.6,61,24000000,3
25.520976,5.7,615,28000000,4
25.633663,6.2,527,27500000,5
22.527211,6.2,1214,30000000,5
24.09152,7.1,598,30000000,4
6.248273,5.7,57,35000000,4
9.548391,6.9,67,8000000,3
12.576381,6.9,235,15000000,4
12.741073,6.2,205,27500000,3
16.188572,6.7,413,27000000,4
18.913,6.2,345,27000000,4
44.714264,7.5,1065,27000000,4
11.870301,6,238,27000000,4
28.227984,6.6,607,27000000,4
11.678561,5.5,247,27000000,4
36.921445,7.4,1323,27000000,4
17.567332,7.3,235,27000000,3
16.698316,6.3,288,30000000,3
47.862016,7,1002,27000000,3
39.324831,7.2,828,27000000,3
5.650125,6.7,120,25000000,3
3.123583,5.9,44,27000000,4
23.917982,6.1,563,27000000,3
8.715822,5.5,98,27000000,3
14.788073,4.4,222,27000000,4
38.279458,6.5,1068,27000000,4
9.670031,5.9,173,28,1
17.193659,6.3,333,27000000,3
8.31653,5.2,127,25000000,3
31.250383,5.2,788,26000000,5
24.345651,6,879,26000000,4
38.473732,6.2,1983,26000000,4
31.792964,6.8,796,25000000,5
61.309619,6.2,1131,28000000,4
5.411154,5.8,628,15000000,5
41.832392,6.6,1148,27000000,4
21.988861,6.8,399,26000000,4
19.068175,7,262,22000000,4
24.114459,6.3,404,26000000,4
20.256571,6.9,207,22000000,4
8.802626,6.2,455,26000000,4
37.355826,5.9,1023,26000000,4
39.742009,7.3,1112,26000000,4
30.981604,5.2,629,26000000,4
31.893932,6.1,1573,25000000,4
5.894163,4.9,89,26000000,3
22.07638,6.8,633,26000000,4
10.925618,5.2,144,26000000,3
21.219292,5.7,718,56000000,4
14.831402,5.8,198,42000000,3
22.520842,6.1,426,26000000,3
3.314094,4.8,54,30000000,3
7.964451,4.5,110,26000000,3
4.475007,5.3,84,25530000,3
66.097437,6.3,1091,26000000,3
20.679652,6.8,417,25000000,4
38.171417,6.9,864,30000000,5
30.884535,7,1591,25000000,5
49.510658,7.6,1709,25000000,5
50.7453,7.8,3086,33000000,5
10.445391,6.1,143,25100000,3
80.879032,7.2,4369,25000000,5
33.93914,7.2,765,26000000,3
26.576385,6.1,661,25000000,5
104.469351,8.3,4329,22000000,5
42.191509,7.8,1910,25000000,4
20.267062,5.7,364,28000000,3
26.69592,5.8,594,30000000,4
12.739721,5.6,231,25000000,4
46.942396,6.4,2251,25000000,5
15.505137,5.8,286,25000000,4
38.272889,7.6,1384,25000000,4
53.645267,7.7,3003,25000000,5
28.468,6.1,853,25000000,5
35.310712,6.5,1356,25000000,5
28.727731,6.8,951,25000000,5
4.340616,5.1,377,45000000,4
14.604911,5.7,210,25000000,4
38.688822,6.1,1331,25000000,4
30.537845,7.4,626,25000000,4
19.750059,6,330,25000000,4
25.939385,7.2,476,2800000,4
31.64341,5.8,974,25000000,4
26.811541,6.8,946,25000000,4
40.646102,7,1113,60000000,4
34.160448,7.2,1223,25000000,4
48.552871,6.4,1451,25000000,4
18.228538,6.1,440,25000000,4
29.342744,6.7,1493,26000000,4
63.654244,8.2,3128,25000000,4
11.859396,5,284,28000000,4
24.356483,6.4,711,25000000,4
70.105981,8,2948,25000000,4
21.189028,7.4,355,23000000,4
31.364901,6.1,770,25000000,4
37.817905,7.9,1537,25000000,4
6.086083,5.5,112,25000000,4
17.17372,6.3,386,25000000,3
16.936576,6.4,298,25000000,4
25.838073,5.6,529,25000000,4
5.625632,5.4,115,25000000,3
17.312433,6.6,259,25000000,3
53.811461,6.4,1798,25000000,4
19.045146,5.5,299,17000000,4
21.729434,5.5,444,25000000,4
12.837116,5.8,236,25000000,4
20.953265,7,451,25000000,4
10.81439,6.4,671,20000000,3
27.683874,6.1,663,25000000,5
9.855474,4.9,199,20000000,4
12.756344,6,171,25500000,3
29.533437,7.1,797,25000000,4
14.179538,7.1,334,30000000,4
14.340095,5.5,350,25000000,4
9.795985,6.9,147,25485000,3
6.889437,4.7,123,25000000,4
19.428994,5.4,325,25000000,3
136.747729,8.5,8205,25000000,3
6.081772,4.7,146,21150000,3
17.329269,6.7,244,27000000,3
22.622453,5.7,543,25000000,3
20.561682,6.9,483,25000000,4
13.288177,5.9,185,25000000,3
19.212552,6.5,318,30000000,4
29.365851,7.2,661,23000000,4
10.232599,6.7,134,25000000,3
8.870614,6.2,183,25000000,3
19.402816,6.6,1262,25000000,4
24.903418,6.2,515,25000000,3
14.562197,5.4,341,25000000,3
18.896239,6,414,25000000,4
15.960916,6.9,530,25000000,3
25.848003,6.5,656,25000000,3
7.538513,6.9,110,25000000,3
21.606001,5.4,597,30000000,3
3.707511,4.3,29,25000000,3
7.001176,5.2,147,25000000,3
39.784026,6.3,824,25000000,3
10.115011,5.2,101,25000000,4
32.854557,6.7,973,25000000,4
8.363702,4.9,132,28000000,3
4.88794,7,59,25,1
14.17009,6.5,304,25000000,3
9.169271,6.2,137,25000000,3
8.127728,7,210,25000000,3
10.699952,6,378,25000000,3
29.796394,7.1,705,25000000,3
51.915025,7.7,1272,25000000,3
8.314624,6.7,97,28000000,3
4.002579,6.1,82,25000000,3
3.888776,4.6,45,25000000,3
7.296459,6.2,111,25000000,3
21.680424,5.8,498,14000000,4
7.946769,5.3,25,25000000,3
7.473455,5.5,144,25000000,3
5.073536,6.4,60,25000000,3
41.075532,6.8,1087,32000000,3
4.020194,5,22,25000000,3
8.186936,5.5,138,25000000,3
17.603823,6.4,387,25000000,3
7.008216,3.5,118,25000000,3
20.011435,7,738,25000000,3
3.849873,6.2,19,25000000,2
3.593165,6.6,49,25000000,3
30.058263,7.7,704,13500000,3
17.339852,6,326,25000000,3
15.279021,7.1,380,25000000,4
5.753564,6.3,10,25000000,3
35.022029,5,712,25000000,4
1.894749,7,31,25000000,3
14.480628,7,257,14000000,3
14.613152,5.5,301,25000000,3
22.258428,6.9,477,24000000,4
30.445257,6.5,835,24000000,5
35.244037,6.1,840,24000000,5
15.333575,5.4,285,25000000,3
15.237142,6.4,225,24000000,4
23.441135,6.2,531,41300000,4
25.03414,6.4,505,8200000,4
24.70166,6.6,541,24000000,4
16.146572,7.2,341,24000000,4
20.793026,5.1,374,65000000,4
5.771479,6.1,67,24000000,3
27.326466,6.1,721,24000000,4
20.69219,5.9,742,24000000,4
7.701041,5.5,160,17000000,3
6.589193,5.8,92,24000000,3
2.753313,5.9,58,24000000,3
3.113009,4.7,49,24000000,3
5.566203,5.7,53,24000000,3
8.630825,5,141,24000000,3
23.343839,5.3,581,24000000,4
2.353441,4.1,19,24000000,3
2.439184,6.8,26,28000000,2
26.324874,6.1,568,24000000,3
49.549984,8.2,1991,24000000,5
57.300674,7.2,3550,23600000,4
23.839127,5.9,512,23000000,5
78.51783,8.2,5879,18000000,5
33.872182,6.5,1699,19000000,4
27.33256,6.6,546,23000000,4
38.799596,6.4,1378,23000000,4
20.317469,6.5,910,12500000,4
18.493202,6.7,1789,23000000,4
53.682367,7.9,4097,23000000,4
11.183197,6.3,325,23000000,3
8.842722,5.1,73,25000000,1
8.976738,5.9,66,23000000,3
26.257951,5.6,505,23000000,3
12.777008,3.5,224,23000000,4
6.921263,6.6,55,23000000,3
12.869436,6.1,82,23000000,3
15.676123,6.6,261,23000000,3
5.494047,5.9,56,23000000,3
6.618149,5.5,73,23000000,3
7.876883,6.5,57,23000000,3
35.169779,6.5,1343,25000000,4
39.890798,6.7,902,22700000,3
22.096286,6.8,431,22500000,3
41.967005,6.9,1339,22000000,5
57.110486,6.5,1590,23000000,5
16.234053,6.3,489,22000000,5
11.263361,6.5,110,20000000,4
20.699212,6,428,22000000,4
17.606087,7.3,385,24000000,5
13.786075,4.6,304,22000000,4
35.227212,7.4,716,22000000,4
27.898438,7.3,508,22000000,4
23.218144,5.6,354,22000000,4
26.071644,7.2,530,22000000,4
9.175762,5.9,83,22000000,4
81.829237,6.6,2512,22000000,4
17.7091,6.1,319,22000000,4
17.772518,6,301,22000000,3
10.259461,4.7,225,22000000,3
30.114383,6.2,551,26000000,4
12.887673,5.4,154,22000000,3
13.410919,6,223,22000000,4
21.865021,6.4,480,22000000,3
9.448517,5.4,201,30000000,3
39.006187,5.7,1309,22000000,4
35.737655,6.4,875,22000000,4
4.365196,6.1,77,22000000,3
14.725467,4.2,305,22000000,3
25.002715,5.2,559,25000000,4
13.906611,7.2,277,21000000,3
13.960945,7.2,212,22000000,3
16.668854,5.5,224,2000000,3
48.784734,6.2,659,22000000,3
9.088209,7.4,98,22000000,3
12.445176,5.2,192,22000000,3
29.230298,6.5,720,22000000,3
18.961323,6.5,501,25000000,4
14.866351,6,122,22000000,3
15.013386,5.6,546,17000000,4
8.700565,5.5,139,18000000,4
20.410354,6.9,497,9000000,1
10.207065,5.1,184,21000000,4
5.683281,6.3,123,32000000,4
63.599973,6.9,4742,21000000,5
17.746981,7.5,356,21000000,4
34.433521,6.6,1692,21000000,4
26.21425,6.4,497,20000000,4
4.781538,5.1,76,21000000,3
10.13559,6.7,189,17000000,3
5.815881,5.8,65,21000000,3
8.982335,6.5,52,21000000,3
13.847872,6.3,276,21000000,2
4.189378,5.9,41,35000000,4
21.928025,6.7,475,15000000,3
68.159596,7.7,3854,18000000,5
81.487685,6.3,2395,18000000,5
52.456505,7.2,1098,20000000,5
9.662715,5,150,38000000,3
25.28436,6.1,613,20000000,5
8.351385,5.4,183,20000000,4
18.174804,8.1,4443,19000000,5
21.815122,6.5,728,20000000,4
20.99174,6.4,428,20000000,4
19.636044,5.9,406,20000000,5
12.25264,4.9,209,20000000,4
49.975409,7.4,3092,13000000,5
13.590677,5.2,221,32000000,4
21.657563,5,500,20000000,4
43.057323,6.7,1414,35000000,4
16.470895,5.4,442,18000000,4
28.703007,6.3,679,37000000,4
40.903931,6.7,934,20000000,5
95.9229,7.9,3674,20000000,5
4.748929,6.2,116,20000000,4
2.986286,6.1,29,20000000,4
47.51363,7.5,3601,20000000,4
53.161905,7.6,2562,20000000,5
15.978136,7.4,422,1800000,4
42.512296,6.3,1252,20000000,5
10.098722,3.6,222,20000000,4
15.341196,6.1,290,20000000,4
29.023184,7.4,817,20000000,4
19.819893,5.6,269,20000000,4
11.62423,4.6,191,20000000,4
22.049787,5.8,381,20000000,4
9.829859,6.3,143,30000000,4
29.295801,6.7,1261,20000000,4
14.136476,6.8,276,20000000,4
6.064638,3.2,326,20000000,4
41.503588,7.8,2686,20000000,4
20.495749,5.9,292,20000000,3
13.906944,5.2,283,20000000,3
2.003047,6,24,20000000,3
11.203335,5.8,129,20000000,4
8.265317,6.1,131,20000000,3
18.632156,5.8,481,20000000,4
6.92592,7,114,20000000,4
17.165039,4.2,315,20000000,4
25.785925,6.9,1055,25000000,4
20.311684,6.5,505,19800000,4
20.975165,7,435,20000000,4
26.509175,6.6,660,32000000,4
26.497025,5.3,465,20000000,4
36.819044,4.6,793,20000000,4
7.902536,6.2,63,20000000,3
30.909699,7.1,612,20000000,4
16.663797,5.7,295,20000000,4
27.724913,5.3,531,35000000,4
17.971883,6,328,19000000,3
25.041992,6.3,444,20000000,4
14.857884,6.3,257,20000000,4
23.982956,7,628,30000000,4
30.387754,6.6,697,20000000,4
56.481487,7.9,3652,20000000,4
19.962713,6,368,20000000,3
18.666876,6.3,363,20000000,4
55.964605,6.7,1778,20000000,4
28.019226,6,634,20000000,4
16.176976,5.9,525,20000000,4
17.237143,6,593,20000000,3
4.34503,5.3,155,9000000,3
12.300789,5.3,124,20000000,3
15.804814,5.2,288,20000000,3
4.100942,5.1,44,40000000,3
12.309715,6.7,175,20000000,3
62.933899,7.1,2181,20000000,4
16.074397,6.3,299,20000000,3
93.067866,8.2,2320,806948,3
17.145287,5.4,220,20000000,3
27.256849,6.7,542,20000000,3
0.173964,4.9,7,20000000,3
14.370111,6.8,260,20000000,3
11.090254,6.5,52,20000000,3
20.82778,7.1,334,20000000,3
43.644978,7.8,3045,15000000,4
8.244324,5.6,111,20000000,3
23.292761,5,432,20000000,4
64.181668,6.9,1603,19000000,3
13.658985,7.2,831,20000000,4
10.446722,7.3,394,20000000,4
32.243357,7.2,918,20000000,4
9.149089,5.8,52,20000000,3
5.596835,5.3,83,20000000,3
10.50098,7,167,20000000,3
3.011205,6.5,41,20000000,3
15.012237,6.2,336,19500000,3
16.238961,3,240,25000000,3
15.21229,5.5,208,20000000,3
6.397042,6.5,125,20000000,3
19.220789,6.2,671,20000000,3
35.232278,5.8,715,20000000,3
35.542809,5.9,861,20000000,3
3.476925,6.1,12,20000000,3
5.133744,6.4,81,30000000,3
14.031377,6,289,20000000,3
17.227376,6.1,139,20000000,3
15.66135,5.7,220,20000000,3
19.705311,6.7,641,20000000,3
29.371987,5.6,797,20000000,3
11.352693,7.3,187,20000000,3
30.477114,6.3,950,20000000,3
12.643703,6.5,297,20000000,3
9.36146,4.7,78,20000000,3
6.102663,6.4,24,20000000,3
0.709143,6.5,15,8000000,3
45.742217,6.5,833,20000000,3
8.237336,5.9,88,20000000,3
2.605374,4.1,20,20000000,3
29.072964,5.3,631,12000000,3
12.232048,7,185,20000000,3
27.133277,6.2,571,15000000,3
26.093043,6.8,532,8700000,3
9.292987,3.1,173,20000000,3
7.716606,5.4,126,20000000,3
37.629309,6.5,546,20000000,3
13.032308,6.6,195,20000000,3
15.131867,4.8,271,20000000,3
10.218307,6.8,203,20000000,3
60.732738,8.2,1983,26500000,5
14.617944,7.1,218,2000000,3
5.65327,3.3,12,20000000,3
44.566609,6.9,1552,20000000,3
8.978408,6.5,52,40000000,3
11.267676,5.4,156,10000000,3
3.581906,6.2,33,20000000,1
10.617236,4.5,139,20000000,3
3.620537,6,31,20000000,1
28.060472,6.1,465,27220000,3
45.707835,7.6,1046,22000000,5
28.497242,5.4,1584,20000000,5
11.47316,6.7,141,19000000,4
25.28132,6.1,713,19000000,4
45.99611,7,1476,14000000,5
78.699993,8.1,3757,19000000,4
76.603233,8,6079,19000000,5
13.664614,5.5,209,19000000,4
27.494037,5.9,583,19000000,4
18.47518,5.3,404,18000000,4
10.559414,6.5,208,19100000,3
28.867568,6.2,633,20000000,4
118.968562,8.3,3840,15000000,5
7.436491,6.5,108,25000000,3
17.952817,6,342,19000000,3
21.959742,6.4,465,19000000,3
4.229942,6,33,19000000,3
11.766564,6.2,208,19000000,3
0.068228,5.6,5,19000000,3
30.205943,6,588,19000000,4
26.441669,7.3,638,19000000,3
15.262492,6,381,15000000,4
44.511363,7.2,1301,18500000,3
16.665841,6,518,18500000,3
36.471231,6.2,2713,18000000,5
85.30318,6.6,2472,23000000,5
20.716023,6.9,993,18000000,5
29.487784,6.5,1579,18000000,5
25.43954,6.1,882,18000000,4
15.314027,6.4,434,18000000,4
32.602868,6.3,659,19000000,4
9.832326,5.5,308,17000000,4
33.452469,3.7,392,16000000,3
6.501815,5.6,74,18000000,4
26.58873,6.5,656,23000000,4
36.15716,6.5,1013,16500000,4
16.027955,5.5,322,18000000,4
14.329891,6.3,238,21000000,4
50.009408,7.3,2093,18000000,4
31.82675,7.8,1076,18000000,4
36.423717,6.9,2320,17000000,4
11.693272,6.8,246,19800000,4
12.243887,5.9,136,18000000,4
89.811154,7.4,4535,18000000,4
34.694216,7,1098,18000000,4
17.50138,6.9,367,15000000,4
18.492655,6,303,18000000,4
14.518598,6.4,311,1000000,3
19.234672,6.9,342,18000000,4
4.504377,6.7,72,18000000,3
18.379124,5.8,383,18000000,4
35.524457,7.7,938,18000000,3
13.472365,5.6,180,18000000,3
52.464877,7,2606,18000000,3
6.961736,6.8,90,18000000,3
9.191187,5.4,167,17000000,3
4.492859,4.9,76,18000000,3
53.670525,6.8,1573,30000000,3
11.725805,3.7,14,18000000,3
7.047975,6.2,92,21000000,3
13.628601,7.3,236,18000000,3
16.520516,4.9,246,18000000,3
14.916264,6.9,176,18000000,3
9.633711,5.7,164,18000000,3
12.313143,5.8,177,17000000,3
3.258422,6.5,67,18000000,3
24.548633,7.3,630,18000000,3
17.683563,6.7,299,18000000,3
10.1449,6.5,158,18000000,3
31.887978,6.9,836,18000000,3
1.876811,6.8,28,25000000,3
32.717853,6.2,694,18000000,3
13.916583,6.7,273,18000000,3
10.47644,5.9,108,2700000,3
10.991281,7,104,18000000,2
7.871686,6.7,83,18000000,3
6.333869,4.4,60,18000000,1
1.138383,6.7,50,18000000,2
18.025206,6.9,270,3500000,3
9.244181,6.7,77,18000000,3
12.752463,5,206,17900000,3
22.748174,6,376,14000000,3
33.436092,7,2100,20000000,4
28.973074,6.5,640,23000000,5
23.980329,5.9,479,15000000,4
28.60542,7.5,793,17500000,3
42.669304,5.9,966,24000000,4
7.180403,5.8,16,17500000,3
21.638673,4.6,218,18000000,5
67.66094,7.7,3220,18500000,5
20.786616,7.4,352,17000000,4
27.654472,5.6,687,17000000,4
70.668923,6.4,1219,17000000,4
23.425431,6.9,478,16000000,4
14.304444,5.8,172,17500000,3
30.301307,7.4,1035,300000,4
7.210095,6.7,110,17000000,4
23.491962,6.4,534,17000000,4
36.133536,5.8,730,20000000,4
12.709227,5.9,198,17000000,3
24.054062,6,849,17000000,4
35.107857,6.1,705,15000000,4
5.422285,6,32,20000000,3
32.746486,7.3,2247,17000000,4
3.960098,4.8,63,34000000,3
18.790102,6.2,293,17000000,3
3.321095,6.3,36,17000000,3
33.912116,6.4,1723,17000000,4
5.787891,5.6,101,17000000,3
7.864011,4.9,95,17000000,3
17.062117,4.1,318,17000000,3
19.311572,7,331,17000000,3
36.960953,7.1,1615,40000000,4
1.15641,5.6,19,17000000,3
9.583578,6.8,59,17000000,3
25.112567,6.1,271,17000000,3
9.349386,5.2,153,17000000,1
2.215261,5,27,17000000,3
6.385234,4.5,140,17000000,3
4.358255,5.8,73,16800000,3
24.898687,7,546,15000000,4
20.898711,7.2,352,16500000,4
18.236284,6.9,317,16500000,3
10.74648,6,236,16500000,3
12.102725,7,199,16500000,3
55.458584,8.1,2705,16400000,5
35.777067,6.5,1859,16000000,5
18.430419,7.3,950,16000000,4
7.980632,7.4,131,16000000,4
14.759948,5.9,542,16000000,4
29.943316,7.3,1049,15000000,4
15.788784,4.8,365,16000000,4
41.083914,7.6,1662,16000000,4
1.884558,6.4,30,18500000,3
90.809408,7.6,3041,19000000,4
7.854989,7.4,55,16000000,3
11.807269,5.3,224,16000000,4
15.976335,5.5,242,17700000,3
10.484642,5.3,215,15000000,3
38.623178,7.4,2199,12000000,4
8.8321,4.6,96,16000000,4
32.758254,6.7,1020,15000000,4
9.119797,5.4,103,16000000,3
32.257414,5.3,837,16000000,3
3.021835,5.4,43,16000000,3
9.455596,5.3,131,20000000,3
44.301745,7.6,988,26000000,5
19.890428,6.8,378,16000000,3
0.830596,4.6,10,16000000,1
5.700333,6.7,100,6500000,3
29.253833,6.8,624,16000000,3
8.842869,6.7,90,16000000,3
2.848727,4.3,48,16000000,3
13.832464,6.2,250,16000000,3
38.802415,6.5,956,20000000,3
9.400404,4.7,108,16000000,3
18.923181,6.8,615,11000000,4
20.39955,7.2,387,13000000,2
43.217089,7.7,1717,16000000,4
20.59148,6.4,258,16000000,3
6.630856,5.5,16,15500000,3
29.843818,6.8,961,15000000,5
2.186927,7.1,2414,18000000,5
20.818567,6.9,421,21000000,5
58.900647,6.7,1698,15000000,5
45.742254,7.2,927,17000000,5
80.878605,7.9,3313,15000000,5
54.053576,7.6,2752,15000000,5
17.638286,5.7,559,15000000,5
3.803495,6.4,52,15000000,1
17.571533,7.7,338,15000000,4
4.628525,6.5,48,16000000,3
145.364591,8,5723,14000000,5
3.826685,7.2,67,15000000,4
21.095489,5.9,355,15000000,4
47.455148,6,1401,15000000,4
22.838834,7.1,410,15000000,4
27.165222,6,680,15000000,5
19.113278,6.8,338,15000000,4
58.553213,7.1,1444,15000000,4
2.005111,6.1,33,15000000,4
43.675191,6.1,1206,17000000,4
4.688212,5.4,268,15000000,4
9.125594,5.6,197,15000000,4
19.786392,7.8,921,15000000,4
13.581966,6.7,270,15000000,4
11.927667,5.7,280,17000000,4
30.556135,5.8,1138,35000000,4
31.565117,5.9,584,15000000,4
21.535126,6.2,492,15000000,4
19.284129,6.6,382,15000000,4
23.423082,5.5,431,16000000,4
49.517264,7.2,1170,7000000,4
11.375032,5.8,156,15000000,3
61.182331,7.8,3311,15000000,4
6.857923,6.9,155,15000000,3
41.286336,7.8,851,15000000,4
12.929525,5.1,267,15000000,3
42.952942,7,951,15000000,4
19.760383,6.2,440,15000000,3
10.194097,6.2,230,15000000,4
11.045593,4.5,228,13000000,3
44.533612,7.6,1486,16000000,3
10.84158,6.9,151,15000000,3
49.294864,7.4,3725,15000000,4
7.424798,5.1,221,15000000,3
5.164281,5.6,72,15000000,4
34.759855,6.5,1197,15000000,4
7.297757,6.3,130,15000000,3
3.334804,6.1,61,14000000,3
2.027393,7.4,88,20000000,3
13.237835,4.7,295,15000000,4
19.517239,6.3,380,15000000,3
30.669913,7.3,1105,15000000,4
15.355589,7.5,202,11500000,3
19.85579,7.5,796,15000000,4
3.043589,6.1,52,15000000,3
8.885017,4.4,100,14000000,3
7.679336,5,163,20000000,3
18.268009,6,421,15000000,3
7.809701,5.9,80,15000000,3
9.378688,5.5,104,15000000,3
35.395129,6.8,1653,15000000,3
45.317278,6,639,15000000,3
47.006162,7.2,1840,15000000,4
11.379652,5.9,173,15000000,3
24.612603,5.8,742,15000000,3
26.708193,6.5,541,15000000,3
0.335195,6.7,10,15000000,3
11.782725,4.4,104,25000000,3
16.629173,7,978,15000000,4
20.05902,6.7,357,15000000,3
8.113634,5.9,97,15000000,3
17.672021,5.2,358,15000000,3
3.033471,4.8,32,15000000,3
10.9071,6,211,15000000,3
49.230089,7.8,2926,15000000,4
11.429607,6.6,243,15000000,3
6.373316,6.5,85,15000000,3
9.717392,6.7,95,16000000,3
8.074807,5,37,15000000,3
7.034752,4.7,146,20000000,3
25.329493,7.4,1388,15000000,3
13.832376,5.6,156,15000000,3
7.446069,5,100,15000000,3
13.568302,6,243,15000000,3
21.857387,6.8,350,15000000,3
0.249245,4.7,15,15000000,3
12.163832,7,177,15000000,3
32.690038,7.2,886,15000000,3
8.583217,6.1,182,25000000,3
31.60985,7.6,1477,15000000,3
30.983397,6.8,737,15000000,3
11.428903,6.5,195,15000000,3
15.175289,6.3,545,15000000,3
32.351527,8,657,92620000,2
17.493735,6.5,565,12000000,3
6.932221,6.7,85,8000000,2
8.142166,6.6,157,15000000,2
9.029489,6,152,8500000,3
22.708647,5.9,386,12000000,3
2.609057,5,22,15000000,1
19.913961,6,290,15000000,3
1.833058,6.1,7,15000000,1
12.185204,5.7,41,15000000,1
6.459787,5.8,72,20000000,3
52.744331,7.4,2301,14600000,4
29.660993,6.3,706,14800000,4
41.493042,6.7,1374,14500000,4
10.072199,7.2,196,10000000,3
37.380435,7.7,1113,14000000,5
7.05145,6.9,78,14200000,2
59.258969,7.6,2827,15000000,5
16.742972,6.6,291,14000000,5
45.473484,7,1746,14000000,5
25.949277,6.7,395,14000000,5
22.409117,6.8,491,14000000,5
13.706357,5.3,299,15000000,4
6.92205,6.1,88,13000000,4
27.17347,6.6,507,14000000,5
12.159009,5.6,290,14000000,4
13.13724,6.5,135,14000000,3
23.3784,6.2,527,13000000,4
3.650857,6.9,47,14000000,3
5.102258,5.8,48,14000000,3
6.772615,4.5,111,14000000,3
11.543363,4.5,133,14000000,3
20.792603,6.2,351,14000000,3
6.733485,5.7,39,14000000,3
2.238646,5.8,32,12000000,3
4.536745,5,55,11000000,3
11.220643,4.5,291,11000000,3
4.66723,5.3,73,14000000,3
7.487843,5.5,134,14000000,3
13.65494,7.4,283,14000000,3
11.942862,6.9,240,26000000,3
5.833687,5.5,68,14000000,3
0.900442,5.2,10,14000000,3
4.898424,6.1,86,14000000,1
24.210698,7.4,418,14000000,3
44.135568,7.5,1480,14000000,5
9.982885,6.9,144,13500000,3
16.618874,5,354,14000000,3
7.261196,6.8,128,13500000,3
32.306455,6.7,1206,15000000,3
32.445895,7.7,1037,18339750,4
17.363739,7.2,219,12806000,3
29.782161,6,1102,13300000,3
18.362333,7.1,642,13000000,4
0.680753,4.7,7,13400000,3
6.735922,4.8,154,13000000,4
91.285683,7.3,4430,13000000,5
105.792936,8.3,3338,13000000,4
9.969624,6.3,352,13000000,4
17.113408,5.8,281,7000000,4
10.248439,6.7,186,16000000,4
25.316146,5.2,509,13000000,4
9.499325,6.6,258,13000000,4
43.791745,7.1,763,13000000,4
11.828068,6,210,12500000,4
54.550275,7.3,1701,16000000,4
60.829621,6.2,1567,17000000,4
73.307513,7.3,2060,13000000,4
4.580081,3.3,75,12000000,3
6.425528,6.1,109,13000000,3
16.681567,5.8,308,13000000,3
24.656068,5.6,181,13200000,4
37.104353,6.7,1399,18000000,4
95.130041,7.6,4737,15000000,3
27.546914,7.3,1101,13000000,3
17.371327,5.7,290,13000000,4
6.130096,6.6,96,13000000,3
24.47248,7.2,541,19000000,4
6.764437,6.2,123,13000000,3
1.750054,5.5,10,13000000,3
66.11334,8.1,2757,6000000,3
6.170139,6.4,135,13000000,3
4.742537,5.7,67,13000000,3
11.880899,5.5,135,13000000,3
35.522027,5.7,737,13000000,4
10.573191,6.8,207,13000000,3
17.632446,5.4,304,13000000,3
26.373864,5.9,498,15000000,3
1.647335,4.8,4,13000000,3
12.321302,6.5,138,13000000,3
43.444135,7.7,2968,13000000,3
1.279106,4.5,10,3000000,3
3.680896,6.4,60,13000000,3
10.475368,4.6,243,13000000,3
30.952377,6.3,733,14350531,3
4.267466,5.8,45,10000000,1
34.532418,6.6,1257,13000000,4
19.664699,6.4,503,13000000,3
6.537986,7.1,109,12000000,4
13.349012,6.7,137,12500000,3
35.268557,7.5,749,12500000,3
13.939054,7.5,323,12500000,3
8.780512,5.4,177,12500000,3
15.817096,7.1,509,12000000,3
34.821223,7.7,1451,12500000,3
22.022228,7.6,377,12800000,4
2.950618,7.3,31,12500000,3
7.497306,5.8,84,15000000,3
26.396191,6.3,1150,20000000,3
6.546037,6,94,12500000,3
28.670193,7,640,12300000,4
0.903529,6.3,30,12500000,3
47.584643,7.5,2005,8000000,5
50.152327,7.5,2542,7000000,5
60.767168,6.4,2296,11000000,5
11.103202,7.6,142,12516654,3
15.26213,5.6,304,25000000,4
6.035152,6.9,281,12000000,4
10.297189,6.2,137,12000000,4
22.434102,7.3,675,12000000,4
41.249004,6.4,1648,15000000,4
23.161754,7,504,12000000,4
19.195399,7,375,12000000,4
21.958055,6.3,417,12000000,4
45.477802,6.7,1060,12000000,4
40.631671,7.3,1514,12000000,3
26.219598,6.2,497,12000000,4
64.504747,6.6,1935,15000000,4
3.389249,6.2,51,12000000,3
14.779537,6.6,249,5000000,4
6.703319,4.7,158,12000000,4
49.070321,6.5,1564,12000000,4
21.933822,7.3,323,12000000,4
20.624896,6.6,435,12000000,4
8.083995,5.5,339,12000000,4
11.135734,5.5,281,12000000,4
4.623609,4.7,30,12000000,3
11.510281,6.3,218,12000000,3
18.422327,7.3,383,12000000,4
8.410688,6.5,85,12000000,3
74.358971,7.6,3759,12000000,5
18.422008,6.9,439,12000000,3
8.61659,5.4,25,12000000,4
6.044161,6.5,330,12000000,3
29.019504,7.4,579,12000000,4
16.931846,5.8,364,12000000,3
64.610671,6.1,1937,12000000,4
29.223881,7.4,636,12000000,3
1.081822,5.4,33,12000000,3
16.183746,5.6,364,12000000,3
47.992817,6.6,1151,12000000,4
0.700792,5.3,11,12000000,3
26.967494,7.9,613,14000000,4
16.40512,6.1,294,12000000,3
32.940597,6.4,933,12000000,3
8.708229,5.7,168,8000000,3
4.330428,5.9,43,12000000,3
4.770195,5.8,78,12000000,3
1.623338,3,23,12000000,3
2.993939,5.7,16,12000000,3
10.536092,4.6,89,12000000,1
8.290636,6.6,154,12000000,3
27.65527,6.7,537,11000000,4
32.523573,7.3,720,12400000,3
27.322212,6.5,882,12000000,3
12.664787,6.9,206,12000000,3
5.841285,6.5,84,12000000,3
5.327714,6.8,107,12000000,3
4.793348,7.6,55,12000000,3
0.738652,3,3,19000000,3
5.158067,6.3,59,12000000,3
5.727602,5.8,62,20000000,1
11.150261,6,229,12000000,4
53.595686,7.7,2912,10000000,4
20.747994,6.4,407,11500000,4
45.072136,6.9,1596,11000000,5
126.393695,8.1,6624,11000000,5
56.805781,5.7,1406,11500000,4
12.854853,7.4,247,11000000,4
31.019381,7.2,1486,25000000,4
11.227087,6.4,298,11000000,4
19.231507,7.3,384,11000000,4
31.162838,7.3,1368,11000000,4
7.559192,6.6,217,11000000,4
38.018085,6.7,1062,13000000,4
33.283554,7.5,1018,11000000,4
15.864928,7.3,337,11000000,3
23.449703,6.6,827,10500000,4
31.900899,6,722,11000000,4
14.282314,6.5,204,11000000,3
7.645979,7.4,158,11000000,3
3.495758,4.1,54,11000000,3
7.558959,5.9,65,12000000,3
3.375208,6.4,29,11,1
4.234269,5.5,57,12000000,3
39.337949,7.2,1213,11000000,4
29.543331,7.7,505,11000000,3
4.12064,5.8,53,24000000,3
2.259537,5.7,34,24000000,3
7.722021,6.3,139,11000000,4
7.063053,4.9,74,11000000,3
16.003958,7,334,11000000,3
21.204929,7.3,440,11000000,4
9.371811,5.4,60,14000000,3
33.282794,7.5,919,11000000,3
3.208172,8.2,12,10000000,3
1.187671,6.6,9,11000000,3
36.319205,7.2,834,11000000,3
9.705589,5.1,153,11000000,3
1.396985,5.9,16,11000000,3
32.943848,5.9,820,10800000,4
3.246903,6.1,42,7400000,3
4.519523,6.3,46,14000000,3
86.201184,7.9,2998,10500000,4
56.105798,7.3,3269,10500000,5
12.792446,5.8,160,10000000,3
0.037073,8.5,2,10500000,1
5.759545,6.4,35,12000000,3
43.734886,7.9,2811,10000000,5
33.124871,6.1,1071,10000000,5
10.892398,6.5,249,10000000,4
14.754281,5.8,568,28000000,4
53.727146,6.1,1306,10000000,4
8.9876,5.7,418,10000000,4
29.244768,5.9,903,10000000,4
14.447723,5.6,261,10000000,4
5.882208,6,77,6000000,4
17.3393,6.7,291,13800000,4
19.524972,7.2,234,10000000,4
8.932837,6.4,198,10000000,4
35.695442,5.8,865,10000000,5
26.598884,6.5,755,12000000,4
23.316208,6.1,720,10000000,4
25.929893,6.7,454,10000000,4
8.305998,7,103,10000000,3
21.258991,6.9,459,10000000,4
5.699058,6.6,67,10000000,4
36.582038,5.9,748,12305523,3
34.224204,6.4,742,10000000,4
38.179483,5.8,1102,10000000,4
30.934688,5.8,816,10000000,3
7.499639,6,100,20000000,3
45.946524,6.2,983,10000000,4
4.928777,6.4,69,10000000,3
10.125029,5.4,197,10000000,3
20.452449,6.4,379,9000000,3
14.543435,6.8,823,10000000,3
12.902975,6.2,161,10000000,3
6.216203,6.3,252,15000000,3
3.290639,6,31,10000000,3
4.844451,5,70,8500000,3
9.559737,5.3,153,12000000,3
11.350382,6.1,122,10000000,3
13.455373,6.9,291,10000000,3
31.974359,6.2,679,65000000,4
16.78512,6.9,311,10000000,3
26.090495,5.4,581,10000000,4
2.698185,5.8,36,14000000,3
22.888173,5.8,441,10000000,4
18.289303,7.5,676,9000000,3
26.268209,4.7,507,10000000,4
17.592299,6.3,272,10000000,4
3.079862,6.3,47,10000000,3
32.579697,6.6,864,11000000,4
33.555764,6,635,12600000,3
2.959547,6.6,50,10000000,3
4.068107,6,57,25000000,3
17.663353,7,1068,10000000,3
4.207456,5.6,72,10000000,3
21.006078,6.6,406,6400000,3
5.647538,6.2,136,10000000,3
27.247013,6.7,1049,5000000,4
18.366362,7.4,1050,10000000,3
6.736274,6.4,86,10000000,3
28.570174,6.8,1196,10000000,3
5.671691,6.2,179,30000000,3
9.525626,6.4,137,10000000,3
14.038512,5.1,179,10000000,3
35.350303,4.4,797,6000000,3
30.863082,6.3,700,10000000,3
73.567232,8.2,3016,20000000,3
6.18869,7.3,99,18000000,3
14.105392,6.4,334,9500000,3
14.905357,6.2,238,10000000,3
0.518056,3.8,6,10000000,3
12.172131,6.5,115,9000000,3
17.078656,6.9,336,10000000,3
16.318608,6.6,183,10000000,3
10.409155,6.1,217,10000000,3
4.850402,5.7,36,11500000,3
8.902102,6.6,105,10000000,3
28.223163,7.2,1149,6500000,4
3.007816,6.4,25,10000000,3
19.865989,4.8,448,10000000,4
0.310513,6,2,14000000,1
19.263477,5.8,383,10000000,3
4.123533,7,54,10000000,3
3.988432,5.4,24,10000000,3
19.494703,6.4,365,20000000,3
16.436178,6.5,425,10000000,3
14.979375,6.1,210,10000000,3
10.733761,6,190,10000000,3
4.570043,4.8,50,10000000,2
6.265659,5.6,86,5000000,3
7.554799,5.9,131,7700000,3
9.805551,6.5,177,10000000,1
0.666218,3,9,10000000,1
5.145655,5.1,83,10000000,1
1.728816,7,5,10000000,1
1.617943,6.9,26,10,1
10.013629,4.9,119,10,3
19.978021,6.4,737,9500000,3
3.588529,6,24,9600000,3
9.337388,6.4,135,11000000,4
28.675891,6.5,531,9500000,4
17.151293,7.5,400,8900000,3
11.225044,4.5,123,10500000,3
14.562991,7,140,9400000,4
19.747809,7.3,406,12899867,4
36.173598,7,885,7400000,3
94.184658,7.9,4470,11000000,4
29.262427,7.2,590,85000,3
17.611971,6.3,254,10000000,3
7.623979,7.4,134,9000000,4
31.036,6.5,562,5500000,4
7.720692,7,118,7000000,3
6.717994,6.9,66,9000000,4
3.951041,6.8,38,9000000,3
27.600843,6.3,581,9000000,4
14.098952,7.3,235,9000000,3
82.975841,6.6,1954,9000000,4
18.514292,6.6,693,9000000,3
11.233081,6.5,201,26000000,3
34.022209,7.1,738,40600000,4
4.134327,4.8,119,9000000,3
8.775844,6.4,100,8500000,3
2.062087,6.5,95,9000000,3
8.738737,6,41,9000000,3
2.365328,6,17,9000000,3
9.933926,6.8,79,9000000,3
5.119593,5.8,214,6000000,3
0.717811,4.8,14,9000000,2
1.458884,6.1,7,5000000,1
2.009597,4.5,12,9000000,3
16.072466,6.3,503,5000000,5
18.172736,6.3,395,86000000,3
24.750909,6.8,538,8500000,3
17.697042,6.8,274,7000000,3
7.000949,6.8,28,9250000,3
11.436405,5.6,85,8500000,3
14.171759,5.7,146,9000000,3
3.604863,6.8,50,12000000,3
40.28709,6.8,1322,8500000,4
3.809131,3.4,38,22000000,3
9.230073,6.8,107,8500000,3
14.719886,7.7,232,12000000,4
28.540614,6.6,671,9000000,3
0.034259,7,17,8000000,3
6.787967,7.1,154,6500000,3
3.353176,7.2,79,7700000,4
7.973109,7,63,8250000,3
121.463076,8.3,8428,8000000,5
89.095538,7.6,3395,8500000,3
2.62082,5.1,107,8500000,3
37.960289,7.4,941,8200000,5
21.735068,6.1,321,8000000,4
14.793177,7.5,1686,8000000,4
51.109279,7.8,1522,8000000,4
45.490374,7.1,1777,5000000,4
26.356697,7.2,561,8000000,4
3.501158,7,31,8000000,3
33.372828,7,1261,8000000,3
37.821106,6.1,1004,8000000,3
25.289665,6.5,456,6500000,4
14.730796,6.4,291,14000000,3
4.482714,5.8,62,8000000,3
4.932893,6.7,81,8000000,3
7.894489,6.4,177,8000000,3
13.987772,5.2,99,8000000,3
45.310443,7.3,2066,7000000,3
9.799177,6.1,181,8000000,3
5.069095,6.5,42,8000000,3
13.517017,5.9,261,8000000,3
45.395839,6.7,2210,8000000,4
5.93923,6.6,148,8000000,3
11.837067,5.7,134,8000000,3
21.024346,7,459,8000000,3
7.235794,7,97,8000000,3
8.403859,5.7,95,8000000,3
13.143045,6.9,672,8000000,3
8.717235,6.7,21,8000000,2
35.735689,7.3,1254,8000000,4
7.433574,5.9,63,8000000,2
4.090382,5.8,18,8000000,1
5.244518,6.6,135,8000000,1
10.791954,6.4,215,8000000,3
3.942464,6.3,24,8000000,1
6.500835,5.1,41,8000000,1
39.338097,7.8,773,8000000,2
12.893219,5.8,103,22000000,1
0.983484,6.1,17,8000000,3
11.000654,6.4,153,7800000,3
19.585801,7,350,7500000,4
17.318839,6.5,240,7500000,3
29.01153,7.1,664,6500000,3
20.745052,5.6,453,10200000,3
16.990308,6.8,409,7500000,3
4.820166,5.7,75,10284523,3
8.526635,6.8,142,6500000,3
1.369528,4.5,7,7500000,3
0.571663,6.1,7,7500000,3
14.652342,5.7,192,8000000,3
7.802245,6.2,132,8000000,3
25.281197,7.5,841,7500000,3
38.150787,6.4,887,7000000,3
16.829837,6.7,348,7300000,3
19.782725,7,2244,7500000,5
34.634181,6.3,553,7200000,4
143.659698,8.4,5893,6000000,5
18.422323,6.1,302,4000000,4
45.610993,7.2,2904,7500000,4
17.681707,7.1,281,7000000,4
35.897151,6.1,1040,7000000,5
30.465138,6.4,533,7000000,5
4.492455,6,56,6600000,3
17.717681,6.8,273,7000000,4
17.434862,6.8,384,7000000,4
25.511217,6.8,881,7000000,3
12.268143,6.6,269,9000000,3
30.214716,6.3,524,7000000,4
6.872784,4.9,50,7000000,3
14.741589,4.4,216,7000000,3
5.500324,6.3,66,7000000,3
29.761163,7.2,691,700000,3
2.772178,6.2,17,7000000,3
19.301432,6,306,7000000,3
23.612409,6.6,483,7000000,3
8.079046,7,139,7000000,3
14.672151,7,201,7000000,3
2.627232,5.6,30,7000000,3
4.857028,5.7,63,7,1
2.206097,6.7,14,7000000,3
3.721858,7.4,64,7000000,3
7.051521,6.1,56,7000000,3
21.276864,7.4,677,7000000,3
2.550045,4.5,31,7000000,3
7.155519,5.7,20,7000000,3
13.635828,6.7,212,7000000,1
8.184588,7.1,164,7000000,2
2.26778,5.9,29,7000000,1
3.120016,6.7,41,7000000,3
8.207425,6,73,7000000,1
34.917447,7.2,837,6000000,1
5.33861,5.1,47,7000000,3
8.591387,6.9,140,7000000,3
26.181753,7.4,583,6900000,3
25.613197,5.6,555,6900000,4
21.285206,7.9,479,6800000,3
60.225219,5.6,1517,6500000,5
0.050456,5.2,6,7,1
17.705671,7.4,364,6500000,4
6.847099,6.8,116,6500000,4
11.208769,6.8,157,6500000,3
11.142389,7,196,6500000,3
11.885221,5.1,128,6500000,3
12.524953,7,190,6500000,3
40.688426,7,875,6500000,3
24.0034,7,559,6500000,3
2.639106,8,6,6500000,3
16.574756,6.5,305,6500000,3
5.483531,6.8,45,6500000,3
8.432401,7.1,119,6500000,3
74.234793,7.3,4128,6400000,4
11.086001,7.4,586,4800000,4
14.961629,7.3,267,4000000,3
16.139771,6.8,392,6000000,3
67.608041,7.2,1581,6000000,5
49.802914,7.5,1205,6000000,4
16.20985,6.8,397,6000000,4
24.499996,7.4,650,6000000,4
59.961523,7.4,1183,6000000,4
23.431117,7,389,6000000,4
15.929648,6.6,365,6000000,3
5.537646,7.1,34,6000000,3
64.025031,8.1,3254,6000000,3
12.654051,5.5,245,8000000,3
35.108498,5.9,858,5000000,3
40.196514,7.3,1000,6000000,4
7.60445,6.2,37,6000000,3
24.351305,6.9,703,6000000,4
12.601677,4.4,91,6000000,3
7.077505,6.3,128,12716953,3
4.053017,6.6,74,6000000,3
15.639016,6.5,354,6000000,4
3.89204,5.4,32,6000000,3
26.286954,7.4,558,6000000,4
8.008844,5.2,183,5000000,3
12.68514,6.5,320,5000000,3
0.041651,8,3,6000000,3
3.561198,6.1,44,6000000,3
14.988746,6.4,379,6000000,3
6.497285,6.9,113,6000000,3
19.411141,6.8,372,6000000,3
7.034618,4.8,48,7000000,3
26.218912,7.1,817,6000000,3
15.015271,6.4,300,5500000,3
5.696491,5.5,52,6000000,3
5.411243,6.9,29,6000000,3
6.27257,6.6,111,6000000,3
4.148253,6,44,6000000,3
14.970654,7.6,259,6244087,2
7.161051,6.2,94,6000000,3
1.478505,4.6,17,6000000,2
0.215464,4.7,12,6000000,1
2.260315,5.3,22,134005,3
2.404626,4.7,25,6000000,1
10.19041,5.6,224,12000000,1
18.119265,7.1,454,5952000,3
13.034602,7,266,5300000,3
6.349218,5.5,87,6000000,1
5.013575,6.8,66,4000000,2
4.49029,7.2,72,5800000,3
11.81832,6.8,167,6000000,3
22.054546,6.2,578,3500159,4
3.201886,4.2,10,5800000,3
22.341462,6.4,489,5600000,3
28.500913,7.9,622,5500000,5
10.439971,6.8,207,5500000,4
19.127239,7.4,278,5500000,3
2.141143,3.3,16,5500000,3
2.080741,5.6,28,4361898,3
7.79068,6.2,73,5000000,3
15.580335,7.6,292,6500000,3
5.206967,7.2,97,2200000,3
5.033065,5.9,45,5500000,3
42.187986,6.3,1251,4000000,5
53.698683,6.8,2468,15000000,4
14.752587,6.1,345,5000000,4
48.170508,6.3,1129,4900000,4
29.15813,5.9,669,5000000,5
56.30466,4.9,983,5000000,4
17.304055,6.5,354,5000000,4
9.59729,7.5,205,5500000,4
20.326337,5.2,563,5000000,4
4.028875,6.4,42,4100000,3
6.470766,6.7,137,5000000,4
16.856231,5.1,272,11000000,3
19.683187,7,485,8000000,4
9.358197,6.8,157,5000000,3
19.984477,5.2,449,5000000,4
30.271066,7.9,719,5000000,3
59.454473,7.9,2886,5000000,4
20.304235,5.1,505,3300000,4
60.715151,8.1,4028,9000000,3
35.871248,6.3,1050,5000000,4
18.077963,6.9,398,5000000,3
20.428237,7.4,750,5000000,4
32.14444,7.1,688,4600000,3
3.656491,6.8,37,3500000,3
15.688439,5.9,365,10000000,3
22.9951,7.1,478,5000000,3
26.510558,6.1,766,5000000,4
35.307577,7.5,1104,5000000,4
4.079111,6,11,5000000,3
7.058868,6.4,86,5000000,3
12.904615,4.8,191,5000000,3
18.115566,6.2,671,5000000,5
62.554173,5,1551,5000000,3
9.483717,5,170,5000000,3
16.890285,7.3,315,5000000,3
49.12486,7.5,2420,4000000,3
5.960149,6.9,77,5000000,3
9.302349,5.9,209,5000000,3
8.452666,5.5,67,5000000,3
17.028252,5,356,5000000,3
19.336367,6.5,255,5000000,3
38.006982,6.7,777,5000000,4
0.835617,5.4,8,5000000,3
14.947588,4.3,331,20000000,3
1.199451,6.2,28,4,1
3.03091,6.7,77,8000000,3
5.348446,6.4,91,5000000,3
49.333137,8.1,1128,5000000,3
4.149628,6.3,55,5000000,3
46.114184,7.6,1794,5000000,3
4.498368,5.9,11,5000000,3
7.673124,6.8,103,5000000,3
4.992475,6.5,91,4000000,4
6.174435,6.6,60,5000000,3
8.753409,7,294,5000000,3
3.943706,5.4,40,5000000,3
9.169411,6,208,5000000,3
2.732031,6,55,5000000,3
35.252056,7.3,1247,5000000,3
21.343093,6.6,355,5000000,3
10.095184,6.9,165,5000000,3
4.129165,5.9,58,5000000,2
30.001024,6.7,683,5000000,3
1.731035,3.9,15,5000000,2
11.700578,6.8,281,7000000,2
19.940245,7.3,847,5000000,3
38.94708,6,1360,5000000,4
3.792015,6.2,37,5000000,2
5.461487,7.1,116,5000000,3
14.805264,7.4,231,1000000,3
25.30216,6.3,458,4798235,1
38.83192,5.7,887,4800000,4
19.807295,7.1,471,5000000,3
9.617777,5.9,139,4700000,3
4.495256,7.2,65,4638783,3
35.754865,5.6,862,4800000,3
15.002502,6.5,602,4500000,4
22.585384,5.8,408,4500000,4
29.834065,6.6,632,6000000,5
20.403344,7,322,4500000,3
5.224593,6.9,89,4500000,3
30.196039,7.2,629,15000000,3
15.359952,6.9,198,4500000,3
11.573034,7.9,2443,4500000,3
10.274542,5.5,121,5000000,3
61.210016,7.7,3452,6000000,3
3.108881,6.3,30,4500000,2
14.570359,5.4,251,4500000,3
127.525581,8.2,2919,3000000,4
2.551559,7.3,57,4500000,3
6.938854,5.7,109,3730500,3
12.439495,7.1,111,8000000,4
12.540624,6.3,210,4200000,3
8.839651,6.9,176,3705538,4
12.891276,6.1,183,4000000,4
25.666029,7.5,580,114000,3
45.66662,7.3,1895,4000000,4
35.892034,7.8,1010,4000000,3
8.988455,6.6,50,4000000,3
14.042041,6.5,250,4000000,4
40.016306,5.2,593,4000000,1
22.030517,7.1,360,3600000,4
24.161735,4.1,1022,4000000,4
1.379354,6.4,22,4000000,3
15.338211,6.5,506,3500000,3
29.852608,7.1,550,4000000,3
35.061467,7.8,717,4000000,3
10.605752,4.4,203,5000000,3
43.40352,7.5,1971,4000000,4
17.229537,6.4,420,4000000,3
2.453459,5.3,26,7000000,3
1.433692,5.9,15,6000000,3
2.930058,6.8,72,4000000,3
5.975604,6.1,77,4000000,3
4.59841,5.5,69,4000000,3
22.87623,6.5,530,4000000,3
19.107285,6.7,376,4000000,3
4.541908,6.7,46,4000000,3
6.091951,6.2,80,4000000,3
12.062371,5.9,316,4000000,3
7.758188,6.6,102,4000000,2
22.987897,6.5,338,4000000,3
1.204941,7,23,3000000,1
7.605291,6.7,27,1300000,1
21.230737,6.6,307,9500000,1
18.790221,6.1,291,16000000,1
3.663108,7.1,36,4000000,1
12.496261,6.2,285,650000,1
3.238466,6.2,37,4000000,1
8.30723,6.2,157,4000000,3
8.484123,6.1,19,3950000,3
9.541688,7.5,89,3900000,3
17.234745,7.7,381,3800000,3
48.98255,7.7,970,4000000,5
3.490215,6.2,38,3800000,1
1.726175,7.3,22,3768785,3
20.544999,7,423,967686,3
8.45342,6.5,195,3500000,1
0.90522,6.6,17,3700000,3
3.771652,6.6,66,4000000,3
21.119209,7.4,299,3600000,4
17.002623,6.8,363,3500000,5
46.116885,7.1,1074,3500000,4
25.5748,7,503,3500000,3
3.418871,7.2,173,3500000,3
10.729884,5.9,129,3500000,3
2.676535,6.9,47,3716946,3
7.821438,7.4,82,3500000,3
3.281509,7.4,46,3500000,3
2.938973,6.2,35,3500000,3
10.219942,7.1,158,3500000,3
50.319662,6.3,1434,3500000,4
8.406025,5.7,70,3500000,3
5.588652,6.8,81,10000000,3
25.894065,7.8,626,2000000,3
35.674774,7.6,742,3600000,3
12.982319,6.7,583,3500000,3
3.643608,6.7,28,3500000,1
5.690619,6.5,84,3400000,3
17.537154,6.9,358,8000000,4
26.259389,6.7,524,3500000,3
11.637458,6,127,3000000,3
192.528841,8.3,4254,3300000,3
44.356711,8.1,1814,3300000,3
4.859873,6.8,97,600000,3
21.826888,7.9,927,3800000,3
2.964785,4.1,9,3300000,1
0.11615,8,1,2000000,1
26.180367,7.5,863,3200000,3
11.735287,7.4,265,3200000,3
11.933449,6.8,347,3200000,3
17.332585,7,418,2700000,4
47.812466,7.2,987,2500000,4
42.868495,8,1076,3180000,3
63.513324,7.8,2655,4000000,3
22.789649,5.7,722,3000000,5
11.414843,7.3,453,4000000,3
21.607228,5.7,361,3000000,3
7.961559,6.9,156,3000000,3
54.403033,6,2428,3000000,4
41.045084,6.7,1573,3000000,4
0.295226,5,1,3000000,3
16.553594,7.6,165,3000000,3
24.393296,6.2,361,3000000,3
11.241802,5.3,106,3000000,3
9.18885,5.9,137,16000000,4
11.158167,5.7,216,3000000,3
23.109959,7.7,542,3000000,3
1.586598,4.7,25,3000000,3
3.832858,6.7,86,2000000,3
22.889294,8.1,483,3000000,3
10.341982,4.2,193,3000000,3
7.924982,6.4,120,3000000,3
1.697846,6.4,28,3000000,3
6.734965,7.3,41,3000000,3
13.338539,7.6,155,3000000,3
5.344815,7.3,82,3000000,3
23.299907,7.4,568,3000000,3
5.003615,6.3,94,3000000,3
0.019984,5,3,3000000,3
3.667372,6.5,59,3800000,3
3.937939,5.7,35,3000000,3
23.981601,7.4,798,3000000,3
4.337685,5.9,90,3000000,3
3.636634,6.6,94,2962051,3
2.504169,6.9,94,3000000,3
10.757539,7.4,194,3000000,3
15.754614,5.1,366,2800000,3
56.76349,8,1945,3000000,3
16.900433,5.7,211,3000000,2
12.68672,6.9,250,3000000,3
20.95282,5.3,444,3000000,3
11.882563,5.7,197,3000000,1
12.564554,4.9,148,3000000,3
5.164423,7.1,95,2500000,3
5.928937,7.6,126,2900000,3
3.370225,7.3,25,2900000,3
1.781462,6.6,36,3000000,1
6.39503,6.9,99,8000000,3
39.30982,8,808,2883848,3
9.070842,5.3,192,2800000,3
67.417542,7.4,1642,2777000,3
36.444894,7.7,854,2800000,4
15.351412,5.4,190,2000000,3
11.35972,7,59,2700000,3
1.897263,6,30,2686000,3
0.531444,6,8,2627000,3
22.793929,7.2,609,2600000,4
14.013414,5.9,237,2600000,3
13.265432,7.1,260,2159280,3
0.895946,7.6,23,2600000,3
19.02965,7,308,2600000,2
36.556954,7.8,727,2540800,3
18.661541,5.4,516,2500000,4
0.973582,4.6,19,2500000,3
12.030456,5,229,2500000,3
18.30961,6.3,264,2500000,3
6.82919,7.5,66,2500000,3
30.583959,7.1,618,2500000,3
23.672571,7.7,959,2500000,3
23.419061,6.8,450,2500000,3
25.722747,6.8,1048,2500000,3
0.301884,7.1,7,2500000,1
4.624691,6,40,2500000,1
12.204569,6.6,441,2500000,1
4.623059,7,11,2400000,3
27.940093,6.3,664,30000000,1
8.395624,7.4,363,2380000,3
0.628051,7,4,2361000,3
1.606314,6.9,18,2300000,3
32.875469,7.2,808,2280000,4
14.206525,5.7,254,4000000,3
12.639469,5.1,196,2200000,3
0.1813,5.8,4,2160000,3
8.38717,7.6,143,2100000,3
0.039007,0,0,2100000,1
31.691617,7.1,934,1500000,3
41.298723,6.9,760,2000000,4
10.664202,7,200,2000000,3
100.876794,6.6,1832,2000000,3
13.223111,6.6,215,2000000,3
22.139842,8,657,2000000,3
37.117362,7.3,957,2000000,3
15.557144,7.2,353,2000000,3
11.66632,5.2,125,2000000,3
34.938177,7.9,958,2000000,4
5.961119,6.8,77,1000000,3
17.639478,7.6,240,2000000,3
1.867004,6.5,8,2000000,3
13.944645,7.3,231,8000000,3
14.799323,7.6,718,2700000,3
23.281616,7.6,521,2000000,3
20.331593,6.7,339,2000000,3
5.381536,6.8,47,2000000,3
20.834883,6.8,565,2000000,3
0.483974,4.8,6,2000000,3
16.930914,7.7,286,2000000,3
28.819424,6.3,658,6000000,3
12.999023,6.3,197,2000000,3
6.728882,5.6,92,2000000,3
1.95686,4.8,26,2000000,3
14.846001,6.3,140,2000000,3
14.08251,7.8,291,2000000,3
0.031947,5,2,2000000,3
2.283796,7.2,23,2000000,3
18.224326,6.8,279,2000000,3
3.980072,6.8,31,2000000,2
3.125382,4.6,19,2000000,2
5.261065,6.3,86,2000000,1
1.892183,5.8,36,2000000,1
3.911445,7.1,52,2000000,1
2.559806,5.9,18,3800000,1
5.16023,5.2,32,13500000,1
0.253595,6.7,3,7000000,3
7.502934,5.9,88,2000000,1
4.261509,6.3,41,2000000,2
7.447714,5.5,92,100000,1
5.941852,6.7,165,2000000,3
32.841229,6.6,827,1987650,3
14.838986,5.6,328,1800000,4
14.884756,7.6,281,1800000,3
41.996783,8,1442,1800000,3
12.471239,6.8,403,1800000,3
13.315383,5.5,215,1700000,3
1.699101,5.3,14,2000000,2
11.756943,6.7,192,1800000,3
27.36562,7.2,664,1530000,3
8.650779,6.3,152,500000,1
18.828683,6.1,236,1700000,3
26.281839,6.3,519,2000000,2
2.079125,5.5,39,1700000,3
14.017809,7.3,221,1000000,3
3.426314,7.2,79,1644736,3
6.915201,7.2,133,1650000,3
8.535178,7.1,61,1600000,3
20.810292,7.5,372,1600000,3
9.67299,6.7,129,2000000,3
17.49699,6.6,363,1500000,3
12.2624,7.9,241,1500000,3
13.291991,6.8,279,1500000,3
13.788054,6.9,226,1500000,3
3.990215,5.9,48,1000000,3
11.145915,7.3,160,1500000,3
10.009994,7.1,166,1500000,3
58.594852,6.8,1737,1500000,4
11.35344,6.7,144,1500000,3
3.618646,6.5,43,1500000,2
15.017068,5.5,342,1500000,3
5.817519,6.1,111,1500000,1
9.856826,6.8,151,1500000,1
11.064228,6.2,251,1500000,1
28.27648,8.1,856,1,3
7.5591,5.9,107,1500000,1
4.680206,6.6,183,1500000,1
14.504326,5.1,242,1500000,3
80.171283,6.9,1914,1488423,5
3.598457,5.4,12,1455000,3
16.032594,7.5,1648,1350000,3
0.072066,5,1,1300000,2
18.426825,7.7,336,1288000,3
16.517777,6,315,1250000,3
6.903314,7.4,112,1250000,3
4.45544,5.3,62,1250000,3
9.903992,6.7,79,1250000,3
7.70019,6.8,72,1250000,3
63.655973,7.2,2184,1200000,4
16.312803,6.6,362,3000000,3
6.920873,6.9,149,1200000,3
3.085411,6.3,24,1200000,3
66.925866,8,3697,1200000,3
88.377076,8.1,2311,1200000,3
0.097913,6.8,6,900000,1
2.968235,6.8,18,1200000,3
8.001156,6.1,20,2600000,3
10.230583,6.2,237,3000000,3
1.220072,6.8,15,1100000,3
40.285095,7.3,1055,1100000,3
43.729123,7.9,1422,878000,3
72.19808,7.5,1791,1000000,4
2.833166,6.1,39,1000000,3
41.972329,5.5,1047,1000000,4
58.845025,8,2535,1300000,3
6.532855,6.4,161,1000000,3
48.901542,6.9,940,950000,4
22.583834,6.9,449,1000000,3
6.96858,5.7,72,5000000,3
6.926926,5.6,126,1000000,3
3.322721,5.9,43,1000000,3
26.881611,6.9,890,3500000,3
9.773398,6.9,144,1000000,3
13.152822,4.6,262,1000000,4
4.289003,6.6,53,2090000,3
1.444258,5.5,21,1000000,3
14.139004,6.7,251,1000000,4
3.851,6.2,33,1000000,3
17.845161,5,349,5000000,3
9.115486,6.6,179,1000000,3
4.86805,5.4,24,1000000,3
5.323184,7.2,59,1000000,3
3.424158,6.3,25,1000000,3
0.280083,7.3,4,1000000,2
0.043023,6.1,7,1000000,2
0.672695,6.7,13,1000000,1
8.887411,7.5,210,1000000,1
0.748565,6.6,53,1000000,1
2.175696,6.2,20,1000000,1
1.260314,6.6,32,1000000,1
0.178689,6.6,28,950000,2
16.015599,8,357,910000,3
5.974156,5.3,66,930000,1
9.270133,7.3,156,852510,3
25.918007,6.8,701,950000,3
4.0971,6.1,73,900000,1
47.651878,6.8,1405,858000,5
5.424916,6.7,56,850000,2
14.238376,5.8,110,850000,3
0.59424,5.6,10,800000,3
3.643662,7.8,13,800000,3
5.292536,7.3,23,800000,1
11.205726,6.1,311,800000,3
19.326115,6.9,324,777000,4
25.186002,6.8,556,750000,3
12.203041,6,210,500000,1
14.386807,5.4,219,750000,1
18.644023,7.6,334,730000,3
9.188431,7.7,87,700000,3
7.731064,6.7,31,700000,3
12.378031,6.5,240,700000,3
0.578798,0,0,700000,1
3.898498,7.4,59,609000,3
41.690578,6.3,1055,60000,5
3.409764,7.1,66,600000,3
10.730056,7.3,168,560000,3
6.093989,7,100,500000,3
15.611857,5.4,315,130000,4
2.537032,5.7,30,500000,3
11.578545,7.4,210,500000,3
2.778633,7.8,17,2053648,1
0.109579,7,2,500000,2
8.519202,6.9,106,500000,2
39.756748,8.2,878,2000000,1
9.108949,5.7,251,500000,1
26.406001,6.2,587,500000,3
4.442355,6.2,38,450000,2
1.933366,6.1,37,439000,3
23.603514,6.7,554,400000,4
47.456823,5.9,1316,15000,5
64.782984,7.8,1708,400000,3
1.063439,7.5,22,218,3
38.100488,5.8,923,35000000,5
3.703005,6.6,51,860000,3
3.232447,7.4,60,385907,3
0.968865,5,19,379000,3
35.037625,7.3,894,350000,3
19.331884,6,316,6000000,1
1.085909,6.9,23,300000,3
59.259204,8.2,2078,350000,2
11.871424,7.7,275,325000,3
1.314576,8,26,300000,3
1.505703,6.2,11,312000,3
11.818333,6.4,138,8,1
0.055868,5.5,3,300000,3
0.374291,3,1,300000,1
6.473667,5.9,124,300000,3
20.601483,6.7,433,250000,3
1.45917,6.3,23,250000,3
44.656151,6.9,1069,250000,2
0.293649,7.5,12,250,1
21.825564,6.4,381,250000,3
6.978907,4.1,75,250000,1
0.785744,7,21,245000,3
18.450613,6.9,733,230000,3
0.126676,6.9,6,225000,1
1.183892,4.3,5,100000,3
2.043661,6.7,41,210000,3
33.142185,6.6,1213,400000,4
13.971674,6.8,253,200000,3
38.771062,7.6,883,200000,3
0.622752,5.1,27,200000,3
0.616283,6.5,10,200000,3
7.072118,7.8,112,180000,2
1.041254,7.4,163,8000,1
25.402697,6.8,527,100000,3
0.132878,4.6,18,150000,3
8.570328,5.5,19,150000,3
19.052179,7.3,453,160000,3
3.284903,7.4,90,160000,3
12.833247,6.5,137,125000,3
9.452808,6.5,178,8500000,3
4.563698,6.6,64,100000,3
18.045782,4.9,361,100000,4
20.399578,7.5,485,10000,3
27.788067,7.1,586,60000,3
10.400603,6.6,506,65000,3
2.380332,5.6,59,65000,1
27.662696,5.8,631,4000000,2
1.330379,6.3,26,31192,1
19.748658,7.4,755,27000,3
4.553644,6.2,110,12000,3
0.212443,7.4,63,20000,1
23.307949,6.9,658,7000,1
14.269792,6.6,238,220000,3
